client_id,age,sexe,zone,secteur,region,revenu_declare,anciennete_mois,defaut_90j,gt_C_star,gt_income_stab,gt_distress,gt_hidden_support,gt_camf_intensity,gt_p_mensonge,gt_defaut_true,gt_revenu_reel
1,27,F,urbaine,informel,Nord,109000.0,38,0,-1.1363,-0.3835,0.8139,-0.694,0.5174,0.4248,0,97000.0
2,26,M,urbaine,informel,Ouest,174000.0,71,0,0.2871,0.8949,-0.8814,-0.5429,0.7169,0.0545,0,174000.0
3,19,M,urbaine,formel,Sud,189000.0,9,0,-0.4672,0.8274,0.7714,-0.2002,0.5309,0.2418,0,170000.0
4,20,F,urbaine,informel,Extrême-Nord,33000.0,86,0,-0.3632,-1.6457,0.6543,0.8435,0.7543,0.2719,0,30000.0
5,28,F,semi_urbaine,formel,Ouest,162000.0,49,1,-1.3695,-0.0724,2.682,-0.1867,0.6462,0.7158,1,116000.0
6,28,M,urbaine,informel,Nord-Ouest,31000.0,57,1,-0.7481,-1.5014,0.2223,-0.289,0.5498,0.3663,1,30000.0
7,27,F,semi_urbaine,informel,Extrême-Nord,34000.0,18,1,-1.3235,-1.6948,0.962,0.8702,0.6926,0.7261,1,30000.0
8,20,M,urbaine,formel,Littoral,235000.0,51,0,-0.8618,0.7177,2.9485,-0.1988,0.5965,0.6213,0,163000.0
9,27,F,semi_urbaine,formel,Est,198000.0,1,0,0.2473,1.1603,0.2984,1.4167,0.5213,0.2104,0,190000.0
10,19,F,urbaine,informel,Centre,158000.0,85,0,-0.4313,0.4406,0.5122,-0.9195,0.3993,0.2542,0,146000.0
11,20,M,semi_urbaine,formel,Extrême-Nord,192000.0,72,0,1.4894,1.2026,-0.8424,-0.8364,0.7227,0.0563,0,192000.0
12,26,M,urbaine,informel,Sud-Ouest,158000.0,44,0,-1.1723,-0.0119,2.139,0.3046,0.5536,0.7276,0,119000.0
13,29,M,urbaine,informel,Extrême-Nord,104000.0,80,0,0.2733,-0.2734,-0.5183,0.4043,0.7041,0.1876,0,104000.0
14,29,M,semi_urbaine,informel,Nord-Ouest,65000.0,78,0,-0.9913,-1.0731,1.1018,-0.565,0.8732,0.2504,0,56000.0
15,35,M,urbaine,formel,Extrême-Nord,130000.0,12,0,0.3914,0.1599,-0.3961,1.3436,0.3874,0.1617,0,130000.0
16,33,M,urbaine,informel,Extrême-Nord,44000.0,6,0,-0.9237,-1.3213,0.4568,1.9249,0.7306,0.2121,0,41000.0
17,24,M,semi_urbaine,informel,Adamaoua,69000.0,25,0,-0.5082,-0.8452,-0.7611,-0.3279,0.8141,0.1574,0,69000.0
18,32,F,semi_urbaine,formel,Nord-Ouest,197000.0,1,0,-0.1134,0.6889,1.4904,1.7873,0.7363,0.6906,0,161000.0
19,19,M,urbaine,formel,Adamaoua,149000.0,55,0,-0.1789,0.4822,-0.2006,-2.3821,0.3859,0.231,0,149000.0
20,33,F,urbaine,formel,Sud-Ouest,340000.0,51,0,3.5809,3.6647,-1.135,1.0761,0.4003,0.0984,0,340000.0
21,24,M,semi_urbaine,formel,Ouest,91000.0,52,1,-1.4452,-0.7458,1.3922,-0.5578,0.6977,0.4099,1,75000.0
22,31,F,semi_urbaine,informel,Ouest,115000.0,7,1,-0.0894,-0.1251,0.1448,1.2761,0.7449,0.3037,1,112000.0
23,35,F,semi_urbaine,informel,Extrême-Nord,40000.0,88,0,-0.77,-1.4237,1.0013,-0.6613,0.8333,0.5595,0,35000.0
24,30,M,urbaine,informel,Sud,118000.0,93,0,-0.4421,-0.3878,1.4604,-0.0685,0.5948,0.644,0,97000.0
25,34,M,semi_urbaine,formel,Centre,148000.0,57,0,-0.2479,0.2529,0.6278,-0.5101,0.7688,0.3112,0,135000.0
26,18,M,urbaine,formel,Ouest,207000.0,1,0,1.1359,1.4449,-2.0443,-0.2139,0.7615,0.047,0,207000.0
27,21,F,semi_urbaine,formel,Est,145000.0,38,0,-0.0918,0.1503,0.8308,2.1299,0.6772,0.2071,0,129000.0
28,29,M,urbaine,informel,Nord-Ouest,117000.0,69,0,-0.6748,-0.1913,0.542,-0.1079,0.7129,0.2783,0,109000.0
29,27,M,semi_urbaine,informel,Nord-Ouest,99000.0,72,0,0.479,-0.4303,0.3449,2.4103,0.8694,0.4341,0,94000.0
30,20,F,urbaine,formel,Littoral,72000.0,24,0,-0.8137,-0.8011,-0.0364,-0.3858,0.3635,0.3042,0,72000.0
31,30,F,urbaine,informel,Centre,81000.0,79,0,1.5029,-0.6521,-1.0128,1.4918,0.486,0.1352,0,81000.0
32,19,F,semi_urbaine,formel,Ouest,140000.0,92,0,-0.7515,0.2181,0.3492,-1.3257,0.785,0.4754,0,133000.0
33,35,F,urbaine,formel,Adamaoua,160000.0,49,0,0.6721,0.6738,-1.2807,-0.2865,0.4183,0.1045,0,160000.0
34,20,M,semi_urbaine,formel,Sud,190000.0,37,0,0.7111,1.1589,-0.1604,-0.2361,0.6272,0.1702,0,190000.0
35,26,M,urbaine,informel,Nord-Ouest,119000.0,50,0,0.098,-0.2346,0.7916,1.5377,0.6768,0.2651,0,106000.0
36,32,F,semi_urbaine,informel,Sud-Ouest,131000.0,3,0,-2.1531,-0.2522,1.6711,0.4852,0.4851,0.7969,0,105000.0
37,27,M,urbaine,informel,Sud-Ouest,30000.0,50,0,-2.0129,-1.7208,-0.1903,-2.0881,0.6467,0.3298,0,30000.0
38,31,M,urbaine,formel,Extrême-Nord,231000.0,3,1,-1.013,1.1397,1.5175,-1.3101,0.3296,0.7586,1,188000.0
39,30,F,urbaine,formel,Est,132000.0,4,0,-0.7246,-0.0959,1.0548,-1.0127,0.5397,0.721,0,114000.0
40,35,M,urbaine,informel,Sud-Ouest,170000.0,53,0,1.3018,0.7471,0.214,0.9341,0.7172,0.1709,0,165000.0
41,26,F,urbaine,formel,Sud,235000.0,49,0,1.7712,1.9164,-1.0027,0.805,0.5304,0.0487,0,235000.0
42,35,M,semi_urbaine,informel,Est,109000.0,94,0,0.6243,-0.1879,-0.789,-0.0004,0.774,0.0314,0,109000.0
43,27,M,semi_urbaine,informel,Nord,67000.0,49,1,-1.421,-1.0233,0.8986,-0.2485,0.6344,0.589,1,59000.0
44,34,F,semi_urbaine,formel,Adamaoua,155000.0,94,0,1.5293,0.5833,-0.6146,1.0164,0.6135,0.1886,0,155000.0
45,31,F,urbaine,informel,Sud,180000.0,77,0,-0.4914,0.3487,1.8408,-1.1295,0.7071,0.6716,0,141000.0
46,20,M,urbaine,informel,Adamaoua,101000.0,33,0,0.3759,-0.3155,-0.0144,0.4577,0.8258,0.1482,0,101000.0
47,29,F,urbaine,informel,Sud-Ouest,86000.0,88,0,0.2142,-0.564,-0.2318,0.3725,0.8445,0.2206,0,86000.0
48,33,M,semi_urbaine,informel,Extrême-Nord,173000.0,46,0,-0.4704,0.5635,0.8462,0.0254,0.5631,0.4682,0,154000.0
49,20,M,semi_urbaine,informel,Nord,150000.0,57,0,0.5894,0.4976,-0.0276,0.6977,0.7923,0.3647,0,150000.0
50,33,M,urbaine,formel,Extrême-Nord,137000.0,10,0,0.4318,0.2537,0.0718,0.1021,0.3162,0.2551,0,135000.0
51,19,M,semi_urbaine,informel,Nord,37000.0,21,1,-1.9113,-1.6541,1.6538,0.7974,0.8393,0.7082,1,30000.0
52,33,F,urbaine,formel,Extrême-Nord,189000.0,50,0,-0.5506,1.0564,0.1978,-1.3341,0.4029,0.2321,0,183000.0
53,32,F,urbaine,informel,Nord-Ouest,82000.0,26,0,-0.8966,-0.7673,0.7415,0.6145,0.6026,0.593,0,74000.0
54,20,F,urbaine,informel,Sud-Ouest,150000.0,57,0,-0.1041,0.2143,0.8671,1.0266,0.8096,0.5398,0,133000.0
55,31,F,urbaine,informel,Sud-Ouest,129000.0,8,0,-0.0236,0.1512,-1.0923,0.321,0.504,0.0633,0,129000.0
56,20,F,semi_urbaine,informel,Nord,35000.0,24,0,-1.3927,-1.8889,1.0386,0.9012,0.7336,0.6831,0,30000.0
57,28,M,semi_urbaine,informel,Nord-Ouest,140000.0,64,0,-0.0598,0.0811,0.796,0.1901,0.6802,0.611,0,125000.0
58,34,F,urbaine,formel,Sud,214000.0,59,0,1.0642,1.1145,0.9631,0.8913,0.3513,0.4616,0,187000.0
59,21,M,urbaine,formel,Sud,214000.0,94,0,0.1169,1.2372,0.676,0.0652,0.3511,0.3721,0,194000.0
60,21,M,semi_urbaine,formel,Centre,163000.0,86,0,0.7061,0.7174,-0.0739,-0.8479,0.6401,0.4082,0,163000.0
61,25,M,semi_urbaine,informel,Littoral,38000.0,78,1,-1.1767,-1.9772,1.689,1.1202,0.7831,0.387,1,30000.0
62,24,M,semi_urbaine,formel,Centre,233000.0,1,0,0.6687,1.8771,-0.1873,-1.3341,0.5267,0.3265,0,233000.0
63,18,F,urbaine,formel,Adamaoua,191000.0,58,0,0.1428,1.011,0.3734,0.2828,0.6311,0.2228,0,181000.0
64,26,M,semi_urbaine,informel,Adamaoua,50000.0,22,1,-1.3816,-1.2033,0.3461,-0.0842,0.7864,0.4922,1,48000.0
65,22,F,urbaine,formel,Centre,118000.0,26,1,-0.645,-0.1878,0.5862,-0.4481,0.622,0.3318,1,109000.0
66,20,F,semi_urbaine,formel,Centre,170000.0,20,0,0.643,0.8312,-0.2503,0.472,0.6308,0.0935,0,170000.0
67,22,M,urbaine,formel,Nord-Ouest,248000.0,44,1,-0.7546,1.2798,1.7453,-0.7093,0.4886,0.4932,1,197000.0
68,18,F,semi_urbaine,formel,Sud,167000.0,12,1,-0.69,0.112,2.138,0.8122,0.6032,0.7751,1,127000.0
69,34,F,urbaine,informel,Nord,208000.0,51,0,-0.5221,0.8255,1.4967,0.0568,0.6138,0.555,0,170000.0
70,35,F,urbaine,formel,Extrême-Nord,60000.0,16,1,-2.6423,-1.1928,1.6358,-0.6173,0.4724,0.45,1,48000.0
71,24,M,semi_urbaine,formel,Ouest,93000.0,48,0,1.0639,-0.4425,-1.4246,1.6382,0.5731,0.0493,0,93000.0
72,33,F,semi_urbaine,informel,Littoral,30000.0,60,1,-0.2221,-2.0644,-0.7623,0.5048,0.7956,0.2141,1,30000.0
73,26,F,urbaine,informel,Nord,69000.0,18,0,-0.4897,-0.8974,0.2946,0.6308,0.581,0.5782,0,66000.0
74,34,F,semi_urbaine,informel,Adamaoua,233000.0,10,0,0.8374,1.5081,0.7031,1.7166,0.8094,0.1609,0,210000.0
75,21,M,semi_urbaine,informel,Nord-Ouest,260000.0,77,0,2.0956,2.0578,0.4559,1.7002,0.7703,0.7485,0,243000.0
76,23,F,urbaine,informel,Littoral,134000.0,71,0,0.6669,0.2346,-0.9864,0.5798,0.7789,0.1461,0,134000.0
77,31,F,urbaine,formel,Sud,140000.0,25,0,-1.1039,-0.0384,1.2366,-0.3027,0.4249,0.5402,0,118000.0
78,21,F,urbaine,informel,Adamaoua,152000.0,85,1,-1.4232,-0.2216,2.8223,-1.4297,0.8403,0.7822,1,107000.0
79,32,M,semi_urbaine,informel,Est,191000.0,22,1,-1.5608,0.4733,1.9081,0.5067,0.6356,0.6715,1,148000.0
80,25,M,urbaine,formel,Nord-Ouest,73000.0,89,0,-0.6122,-0.963,1.1445,1.0946,0.295,0.4615,0,62000.0
81,25,M,urbaine,formel,Littoral,127000.0,11,0,0.1974,0.0275,0.3044,0.3543,0.3914,0.1604,0,122000.0
82,26,F,semi_urbaine,formel,Ouest,242000.0,63,0,1.1732,2.0349,-0.7559,-3.1446,0.4356,0.0784,0,242000.0
83,32,F,semi_urbaine,informel,Ouest,63000.0,2,1,-0.6291,-1.0457,0.6943,1.1701,0.6087,0.5831,1,57000.0
84,18,M,semi_urbaine,informel,Littoral,106000.0,19,1,-1.5894,-0.749,2.7798,1.2315,0.8711,0.6389,1,75000.0
85,31,M,semi_urbaine,informel,Littoral,126000.0,39,0,-0.5628,0.0132,0.3004,-0.0012,0.7622,0.3858,0,121000.0
86,32,M,semi_urbaine,formel,Nord,173000.0,9,0,1.3738,0.8831,-0.3553,1.2884,0.4984,0.1368,0,173000.0
87,32,F,semi_urbaine,formel,Sud,140000.0,44,0,-0.8769,-0.025,1.2093,0.928,0.51,0.3126,0,118000.0
88,35,F,semi_urbaine,informel,Nord,158000.0,23,0,-1.6791,0.077,1.8089,-0.3855,0.6758,0.8595,0,125000.0
89,32,M,urbaine,informel,Sud-Ouest,156000.0,10,0,0.7723,0.6079,-0.1888,1.2713,0.7955,0.149,0,156000.0
90,27,M,urbaine,informel,Ouest,250000.0,92,0,0.5904,1.9615,0.355,-1.2675,0.5823,0.2045,0,238000.0
91,26,F,urbaine,informel,Littoral,114000.0,94,0,0.2424,-0.1262,0.1017,-0.0572,0.5181,0.2649,0,112000.0
92,24,M,semi_urbaine,informel,Est,131000.0,92,0,0.0336,-0.0413,0.7413,0.143,0.8579,0.3113,0,118000.0
93,32,M,urbaine,informel,Sud,266000.0,15,0,0.0232,1.5275,1.7246,-0.8254,0.6048,0.6355,0,212000.0
94,25,F,urbaine,informel,Ouest,87000.0,37,0,0.0031,-0.5492,-0.1327,0.3038,0.8564,0.2638,0,87000.0
95,28,M,urbaine,informel,Adamaoua,51000.0,32,0,-1.6256,-1.3244,1.7096,1.3104,0.5995,0.6636,0,41000.0
96,19,F,urbaine,formel,Adamaoua,177000.0,31,0,0.8772,0.8502,0.2257,1.2477,0.62,0.2366,0,171000.0
97,23,F,urbaine,formel,Est,302000.0,40,0,-0.6553,1.6762,2.4495,0.7237,0.6164,0.6185,0,221000.0
98,22,M,semi_urbaine,formel,Littoral,189000.0,49,0,0.2129,0.961,0.434,-1.3959,0.5759,0.3721,0,178000.0
99,25,M,semi_urbaine,formel,Extrême-Nord,150000.0,47,1,0.0121,0.503,0.0078,-1.036,0.5238,0.2042,1,150000.0
100,27,F,urbaine,formel,Est,76000.0,28,0,-0.7543,-0.8484,0.6832,0.1662,0.5426,0.2724,0,69000.0
101,30,M,urbaine,informel,Adamaoua,122000.0,94,0,-0.5501,-0.0584,0.3045,-0.0342,0.7084,0.5404,0,116000.0
102,25,F,urbaine,formel,Ouest,230000.0,94,0,1.3841,1.8332,-1.7349,-0.4981,0.3018,0.0505,0,230000.0
103,20,M,semi_urbaine,informel,Adamaoua,49000.0,32,0,-0.8442,-1.2341,0.4045,2.2053,0.7249,0.5048,0,46000.0
104,27,F,semi_urbaine,informel,Sud-Ouest,111000.0,22,0,0.2932,-0.2447,0.3453,0.4059,0.5079,0.5117,0,105000.0
105,18,M,urbaine,informel,Sud-Ouest,97000.0,51,0,0.1578,-0.3875,-0.9352,0.5424,0.7854,0.2556,0,97000.0
106,33,M,semi_urbaine,informel,Sud,85000.0,36,0,-0.1031,-0.6977,0.572,1.2879,0.7249,0.4824,0,78000.0
107,31,M,urbaine,formel,Nord-Ouest,171000.0,94,0,1.7482,0.8479,-1.9875,0.055,0.3979,0.0436,0,171000.0
108,22,M,urbaine,informel,Littoral,152000.0,41,1,0.774,0.4433,0.2534,2.5911,0.5052,0.3078,1,147000.0
109,22,F,semi_urbaine,formel,Sud,191000.0,4,0,-0.0824,1.0328,0.3445,-0.6404,0.5044,0.243,0,182000.0
110,18,M,urbaine,informel,Adamaoua,68000.0,12,1,-0.7339,-0.9768,0.7333,-0.6061,0.6816,0.1624,1,61000.0
111,24,F,urbaine,formel,Sud,57000.0,8,0,-0.6382,-1.046,-0.3325,-0.9428,0.3927,0.2372,0,57000.0
112,18,M,urbaine,formel,Ouest,172000.0,37,0,1.031,0.8624,0.0224,1.5627,0.5396,0.2436,0,172000.0
113,34,M,semi_urbaine,informel,Centre,90000.0,31,0,0.5352,-0.5059,-0.125,1.1021,0.7955,0.3504,0,90000.0
114,20,F,semi_urbaine,informel,Sud,254000.0,82,1,0.5148,1.8383,0.6978,-0.2442,0.9351,0.3912,1,230000.0
115,29,M,semi_urbaine,informel,Nord-Ouest,258000.0,85,0,1.0648,1.8845,0.7126,-0.5639,0.7726,0.5101,0,233000.0
116,28,M,urbaine,informel,Sud,239000.0,14,0,1.7947,1.9907,-0.2457,1.3849,0.7728,0.1143,0,239000.0
117,22,F,urbaine,formel,Est,105000.0,90,0,0.3281,-0.3401,0.3457,0.3617,0.3898,0.1557,0,100000.0
118,32,F,semi_urbaine,informel,Extrême-Nord,174000.0,56,0,0.3254,0.5694,0.8761,1.7104,0.5734,0.1548,0,154000.0
119,19,F,urbaine,formel,Sud,208000.0,30,0,0.5918,1.471,-0.0717,-0.0601,0.4727,0.1908,0,208000.0
120,33,F,semi_urbaine,formel,Centre,277000.0,39,0,-0.8455,1.3584,2.492,0.8115,0.3546,0.6176,0,202000.0
121,31,F,semi_urbaine,formel,Sud,135000.0,42,0,0.041,0.2456,-0.0271,0.6002,0.5681,0.134,0,135000.0
122,29,M,urbaine,formel,Littoral,233000.0,17,1,0.476,1.8792,-0.2109,-0.6241,0.3414,0.216,1,233000.0
123,33,M,semi_urbaine,formel,Nord-Ouest,156000.0,83,0,0.9662,0.6005,-0.3594,0.1559,0.3149,0.1325,0,156000.0
124,25,F,urbaine,informel,Littoral,128000.0,2,0,-0.4229,0.1281,-0.3036,-1.1843,0.8368,0.1059,0,128000.0
125,23,M,urbaine,formel,Est,71000.0,7,0,-0.8706,-0.9378,0.7693,0.4941,0.4169,0.7149,0,64000.0
126,20,M,urbaine,formel,Nord,195000.0,26,0,1.3553,1.2448,-0.6236,0.7612,0.3131,0.132,0,195000.0
127,34,F,urbaine,informel,Sud-Ouest,106000.0,14,0,-0.4347,-0.2604,0.0749,0.9902,0.7142,0.1704,0,104000.0
128,25,M,semi_urbaine,formel,Littoral,184000.0,6,0,0.5185,1.0648,-0.4331,0.9665,0.5256,0.1099,0,184000.0
129,32,M,semi_urbaine,informel,Ouest,134000.0,37,0,0.2584,0.2351,-0.3164,0.1718,0.8427,0.1996,0,134000.0
130,23,M,semi_urbaine,informel,Est,131000.0,36,1,1.001,0.1809,-1.1023,1.852,0.744,0.1094,0,131000.0
131,35,M,semi_urbaine,formel,Ouest,153000.0,12,0,0.3841,0.5543,-0.3698,1.1923,0.4658,0.2991,0,153000.0
132,33,M,urbaine,informel,Sud,205000.0,77,0,0.76,0.7866,1.5057,1.3885,0.662,0.5763,0,167000.0
133,23,F,urbaine,formel,Est,151000.0,84,0,0.1694,0.4011,0.3084,1.4513,0.5572,0.5227,0,144000.0
134,26,M,semi_urbaine,formel,Extrême-Nord,86000.0,69,0,-0.5354,-0.8552,1.6993,0.1744,0.6937,0.4925,0,69000.0
135,32,M,semi_urbaine,informel,Centre,187000.0,50,0,-0.1718,0.569,1.4006,0.6879,0.7481,0.6263,0,154000.0
136,22,F,urbaine,informel,Nord,84000.0,91,0,-0.2575,-0.809,1.1752,0.7746,0.756,0.6617,0,71000.0
137,18,M,urbaine,informel,Nord,56000.0,34,1,-2.3148,-1.3243,2.5422,-1.1491,0.7978,0.8813,1,41000.0
138,23,F,urbaine,formel,Ouest,95000.0,41,0,-0.3496,-0.4222,0.0045,-1.127,0.5084,0.3755,0,95000.0
139,28,F,urbaine,informel,Ouest,151000.0,2,0,-0.2906,0.2833,0.692,-1.2993,0.6446,0.3681,0,137000.0
140,20,F,semi_urbaine,formel,Sud,152000.0,68,0,0.048,0.5035,0.0841,0.1919,0.4777,0.2266,0,150000.0
141,24,M,urbaine,formel,Nord,37000.0,9,1,-2.1686,-1.5327,1.6537,-0.3333,0.5497,0.2143,1,30000.0
142,34,F,semi_urbaine,formel,Ouest,135000.0,64,0,-0.4627,0.2163,0.1119,-1.1357,0.5468,0.2113,0,133000.0
143,19,F,semi_urbaine,informel,Sud-Ouest,190000.0,75,0,0.3493,1.1692,0.0109,0.4494,0.7957,0.4169,0,190000.0
144,18,F,semi_urbaine,formel,Nord,143000.0,21,0,-0.6665,0.1487,0.7461,0.2044,0.7923,0.4774,0,129000.0
145,25,M,urbaine,informel,Ouest,110000.0,59,0,1.1708,-0.1655,-0.2136,1.1822,0.5132,0.2237,0,110000.0
146,18,M,urbaine,informel,Sud-Ouest,216000.0,29,0,0.3056,1.043,1.2056,2.013,0.8608,0.7511,0,183000.0
147,18,F,semi_urbaine,informel,Est,195000.0,38,0,0.7004,0.7955,1.0799,0.7565,0.8305,0.4357,0,168000.0
148,21,F,semi_urbaine,informel,Sud,194000.0,51,0,0.9519,1.0218,0.4786,-0.3966,0.8401,0.2692,0,181000.0
149,19,M,urbaine,informel,Sud,35000.0,24,0,-1.0503,-2.7726,1.2025,0.6467,0.6833,0.4505,0,30000.0
150,32,F,semi_urbaine,formel,Est,260000.0,76,0,3.0917,2.3335,-1.4169,0.3093,0.3543,0.0374,0,260000.0
151,20,M,urbaine,formel,Extrême-Nord,202000.0,38,0,1.2649,1.2364,0.2611,-0.2401,0.4909,0.3337,0,194000.0
152,27,F,semi_urbaine,informel,Ouest,276000.0,44,1,1.1711,2.4615,0.1998,-0.5616,0.8127,0.3436,0,268000.0
153,30,M,urbaine,formel,Nord,158000.0,78,0,-1.7131,-0.1823,2.9642,-0.4642,0.5095,0.8499,0,109000.0
154,29,F,urbaine,formel,Sud-Ouest,52000.0,22,0,-0.8343,-1.1635,0.2377,-0.1778,0.4096,0.2084,0,50000.0
155,29,F,urbaine,formel,Sud-Ouest,156000.0,43,0,0.91,0.6072,-0.5556,0.8041,0.2038,0.1377,0,156000.0
156,24,M,urbaine,formel,Littoral,139000.0,95,0,1.4928,0.3246,-1.3193,0.511,0.2951,0.022,0,139000.0
157,33,F,urbaine,formel,Littoral,237000.0,38,0,0.6119,1.2537,1.4357,1.8256,0.6516,0.5543,0,195000.0
158,19,M,urbaine,formel,Nord,220000.0,11,0,0.9187,1.6749,-0.2736,0.6743,0.3823,0.1844,0,220000.0
159,19,M,urbaine,informel,Est,115000.0,28,0,-0.4229,-0.0873,-0.1228,0.4243,0.8429,0.1454,0,115000.0
160,33,M,semi_urbaine,formel,Nord-Ouest,151000.0,91,0,0.3655,0.3593,0.423,-0.0062,0.4336,0.2725,0,142000.0
161,19,M,urbaine,informel,Adamaoua,181000.0,73,0,-0.8631,0.5227,1.2909,-1.0375,0.7059,0.5018,0,151000.0
162,21,M,semi_urbaine,informel,Littoral,125000.0,77,0,-1.001,-0.2563,1.3059,-0.2699,0.8597,0.7745,0,105000.0
163,21,F,semi_urbaine,formel,Sud-Ouest,138000.0,25,0,-0.2075,0.26,0.1292,-0.3998,0.5473,0.1394,0,136000.0
164,18,F,urbaine,informel,Sud,205000.0,80,1,-0.6091,1.0371,0.8307,-2.5609,0.8577,0.4866,1,182000.0
165,20,F,urbaine,informel,Sud-Ouest,221000.0,38,0,0.2294,1.2598,0.8771,-1.0086,0.7254,0.2963,0,196000.0
166,28,M,semi_urbaine,informel,Sud-Ouest,213000.0,76,0,0.7019,1.084,0.9998,1.9022,0.8171,0.393,0,185000.0
167,29,F,semi_urbaine,formel,Nord,158000.0,84,0,0.7843,0.4318,0.5348,0.6686,0.5497,0.3424,0,146000.0
168,19,F,urbaine,formel,Centre,35000.0,20,0,-1.7257,-1.5398,1.214,-0.3765,0.5977,0.4172,0,30000.0
169,34,F,semi_urbaine,formel,Adamaoua,152000.0,90,0,0.591,0.4518,0.2009,0.6985,0.7223,0.2455,0,147000.0
170,19,F,urbaine,informel,Est,75000.0,61,1,-0.716,-0.758,-0.1746,-1.9534,0.7112,0.2774,0,75000.0
171,30,F,urbaine,informel,Centre,121000.0,70,0,-0.5898,-0.1297,0.5182,0.2821,0.8123,0.3037,0,112000.0
172,32,F,semi_urbaine,informel,Sud-Ouest,96000.0,72,0,-0.42,-0.6711,1.3929,1.5775,0.6958,0.6866,0,80000.0
173,27,M,urbaine,informel,Sud,119000.0,17,0,0.7921,-0.0207,-1.1372,-0.1211,0.7469,0.0991,0,119000.0
174,26,M,semi_urbaine,informel,Nord-Ouest,58000.0,71,0,0.1993,-1.0393,-1.115,-1.472,0.8289,0.1128,0,58000.0
175,19,M,urbaine,informel,Est,53000.0,21,1,-2.3465,-1.2807,1.5396,-0.4139,0.6064,0.6462,1,43000.0
176,22,F,semi_urbaine,formel,Sud-Ouest,286000.0,26,1,-0.1734,1.8227,1.6526,1.5793,0.6623,0.5802,1,229000.0
177,33,M,urbaine,informel,Nord-Ouest,62000.0,12,0,-0.4317,-0.9697,-0.6405,0.2586,0.6233,0.2333,0,62000.0
178,24,F,urbaine,formel,Est,160000.0,18,0,0.1508,0.6003,0.1747,-1.4183,0.3713,0.2784,0,156000.0
179,18,M,urbaine,formel,Adamaoua,213000.0,93,0,2.1066,1.5545,-0.2857,2.3676,0.5693,0.2183,0,213000.0
180,31,M,urbaine,informel,Ouest,185000.0,32,0,-0.4401,0.9143,0.3701,-1.2538,0.6547,0.2969,0,175000.0
181,30,M,semi_urbaine,informel,Adamaoua,192000.0,37,1,-0.6779,0.7948,0.9579,0.0571,0.762,0.3145,1,168000.0
182,19,F,urbaine,formel,Sud-Ouest,174000.0,46,0,0.6707,0.9029,-1.1913,-1.0374,0.5081,0.0381,0,174000.0
183,18,F,urbaine,informel,Centre,163000.0,68,0,0.2457,0.724,-0.4628,-1.036,0.7221,0.0817,0,163000.0
184,20,M,urbaine,formel,Nord-Ouest,238000.0,55,0,1.4707,1.9731,-0.2088,-0.4522,0.4624,0.3941,0,238000.0
185,18,F,urbaine,formel,Adamaoua,182000.0,51,0,1.1862,1.025,-0.0369,0.6362,0.5424,0.0653,0,182000.0
186,29,F,semi_urbaine,formel,Nord,46000.0,80,0,0.2767,-1.2372,-1.0254,1.5905,0.5028,0.1814,0,46000.0
187,20,F,urbaine,informel,Sud-Ouest,108000.0,48,0,-0.9726,-0.5285,1.4708,-0.3862,0.9057,0.4579,0,88000.0
188,28,F,semi_urbaine,informel,Nord,167000.0,74,0,0.4655,0.6964,0.2098,-0.7101,0.6369,0.4752,0,162000.0
189,21,F,urbaine,formel,Littoral,118000.0,87,0,0.1785,-0.0271,-0.3363,0.4786,0.4274,0.051,0,118000.0
190,35,F,semi_urbaine,formel,Est,268000.0,65,0,1.324,2.2201,0.3767,0.808,0.4702,0.2494,0,253000.0
191,31,M,urbaine,formel,Centre,152000.0,4,0,0.2566,0.5368,0.0041,0.2404,0.6653,0.3956,0,152000.0
192,24,M,urbaine,formel,Sud,183000.0,26,0,-0.1223,0.6852,0.9012,0.2757,0.3186,0.4848,0,161000.0
193,25,M,semi_urbaine,informel,Centre,187000.0,59,0,0.3126,1.1247,-0.2676,0.1874,0.8292,0.1911,0,187000.0
194,19,F,semi_urbaine,informel,Extrême-Nord,109000.0,46,0,0.5311,-0.1828,-0.7285,0.3982,0.8443,0.0562,0,109000.0
195,18,M,semi_urbaine,informel,Est,138000.0,28,0,0.0618,0.1763,0.361,0.1183,0.8541,0.1872,0,131000.0
196,27,F,urbaine,formel,Extrême-Nord,216000.0,32,0,1.5314,1.4991,0.1808,1.0702,0.603,0.4246,0,210000.0
197,18,F,urbaine,informel,Extrême-Nord,32000.0,8,0,-0.2238,-1.4723,-0.5741,2.2285,0.8331,0.1511,0,32000.0
198,29,F,semi_urbaine,formel,Adamaoua,139000.0,23,0,0.7746,0.3147,-1.2824,0.4797,0.5269,0.0761,0,139000.0
199,24,F,urbaine,formel,Est,214000.0,75,0,0.725,1.4292,0.2821,-0.0066,0.4993,0.294,0,206000.0
200,20,M,semi_urbaine,informel,Adamaoua,124000.0,1,0,0.1407,0.0656,-0.1286,0.5559,0.6459,0.1304,0,124000.0
201,27,F,urbaine,informel,Ouest,208000.0,80,0,1.3489,1.4673,-0.8167,-0.6579,0.6791,0.1838,0,208000.0
202,27,M,urbaine,informel,Sud,37000.0,33,1,-1.4016,-1.5759,1.5804,0.765,0.5752,0.5425,1,30000.0
203,31,F,semi_urbaine,informel,Adamaoua,30000.0,77,1,-0.8918,-1.69,0.0173,0.7412,0.7453,0.3083,0,30000.0
204,21,M,semi_urbaine,informel,Ouest,211000.0,25,0,-0.645,0.7697,1.7815,-0.1205,0.6587,0.5638,0,166000.0
205,27,F,urbaine,informel,Extrême-Nord,189000.0,79,0,0.2928,0.8658,0.6708,0.9021,0.7114,0.2075,0,172000.0
206,33,F,urbaine,formel,Centre,152000.0,55,0,0.0508,0.4067,0.3394,0.019,0.223,0.2225,0,144000.0
207,22,M,semi_urbaine,formel,Adamaoua,180000.0,81,0,1.2375,1.0004,-0.0805,-0.6701,0.6549,0.2713,0,180000.0
208,33,M,urbaine,formel,Extrême-Nord,201000.0,6,0,1.6742,1.3452,-2.6019,0.3516,0.2663,0.0321,0,201000.0
209,31,F,urbaine,formel,Nord-Ouest,107000.0,76,0,0.7046,-0.2139,-1.073,0.237,0.319,0.0956,0,107000.0
210,25,M,urbaine,formel,Adamaoua,114000.0,26,0,-0.319,-0.1068,-0.0039,0.9604,0.6092,0.3176,0,114000.0
211,33,F,semi_urbaine,formel,Ouest,180000.0,35,0,0.4877,0.7897,0.4889,1.1315,0.621,0.2725,0,167000.0
212,35,M,semi_urbaine,informel,Sud-Ouest,174000.0,5,0,1.3755,0.9041,-1.123,0.1908,0.8331,0.1216,0,174000.0
213,22,M,urbaine,informel,Adamaoua,55000.0,91,1,-0.7809,-1.166,0.6141,-0.4721,0.8384,0.3241,1,50000.0
214,35,F,urbaine,informel,Littoral,108000.0,61,0,0.2799,-0.1979,-0.5199,0.0017,0.5117,0.2903,0,108000.0
215,18,M,urbaine,formel,Adamaoua,149000.0,94,0,0.8681,0.3558,0.3747,0.3633,0.7005,0.3126,0,141000.0
216,20,F,urbaine,informel,Ouest,158000.0,54,0,0.2099,0.418,0.5906,0.4838,0.55,0.3095,0,145000.0
217,18,F,urbaine,formel,Sud,176000.0,16,0,0.0314,0.5913,0.8667,0.3014,0.6161,0.1957,0,155000.0
218,24,F,urbaine,formel,Sud,145000.0,33,0,-0.481,0.0541,1.1497,-0.0908,0.4142,0.5981,0,123000.0
219,34,F,semi_urbaine,formel,Extrême-Nord,250000.0,42,0,0.028,1.8486,0.5442,1.2968,0.4259,0.2215,0,231000.0
220,28,M,urbaine,formel,Adamaoua,142000.0,14,0,-0.9396,0.0607,0.9641,-0.6743,0.5185,0.4039,0,124000.0
221,29,F,urbaine,formel,Nord,138000.0,89,0,0.9495,0.3079,-0.2401,2.4794,0.5513,0.4739,0,138000.0
222,19,F,urbaine,informel,Littoral,46000.0,92,1,-2.7134,-1.5915,3.4843,0.7631,0.806,0.9319,1,30000.0
223,27,M,semi_urbaine,informel,Sud-Ouest,77000.0,54,1,0.3064,-0.7136,-0.5581,-0.8275,0.8034,0.3692,1,77000.0
224,24,F,semi_urbaine,informel,Extrême-Nord,154000.0,56,0,0.2948,0.5161,0.1347,0.4852,0.8124,0.2312,0,151000.0
225,26,M,urbaine,formel,Nord-Ouest,202000.0,67,0,0.958,0.9206,1.0062,0.7727,0.5242,0.5617,0,175000.0
226,22,F,semi_urbaine,informel,Nord-Ouest,189000.0,65,0,-0.9077,0.5995,1.4196,-0.0494,0.8346,0.5729,0,156000.0
227,21,M,urbaine,informel,Nord,179000.0,6,1,-1.4366,0.551,1.14,-1.4951,0.7633,0.5611,1,153000.0
228,35,M,urbaine,formel,Est,313000.0,51,0,1.0151,2.6877,0.7573,-1.0391,0.4098,0.6443,0,281000.0
229,28,M,semi_urbaine,informel,Centre,75000.0,74,0,0.7684,-0.7479,-1.4148,0.8421,0.844,0.0801,0,75000.0
230,25,F,urbaine,informel,Littoral,40000.0,77,0,-2.3866,-1.6194,2.187,-1.7546,0.4883,0.7271,0,30000.0
231,19,F,urbaine,formel,Centre,93000.0,57,0,-0.5628,-0.4506,-0.1038,-1.4493,0.5003,0.1262,0,93000.0
232,31,M,urbaine,formel,Est,136000.0,86,0,-0.4582,-0.1037,1.2987,0.5368,0.264,0.5991,0,114000.0
233,26,F,urbaine,informel,Littoral,62000.0,56,0,0.2195,-0.9743,-1.3925,-0.2225,0.7051,0.0698,0,62000.0
234,24,M,semi_urbaine,formel,Extrême-Nord,172000.0,37,0,0.0444,0.6937,0.4144,-0.3958,0.7893,0.4223,0,162000.0
235,30,F,urbaine,formel,Adamaoua,231000.0,43,0,1.3837,1.8527,-0.4897,-0.4947,0.3689,0.0612,0,231000.0
236,20,M,urbaine,formel,Nord-Ouest,274000.0,66,0,1.0345,2.1397,0.677,-1.4708,0.5242,0.4106,0,248000.0
237,27,M,urbaine,informel,Est,172000.0,85,0,0.0256,0.5043,0.9663,0.4845,0.7462,0.3737,0,150000.0
238,33,F,urbaine,formel,Centre,302000.0,22,0,0.7356,2.7413,0.4045,-0.8065,0.1925,0.3781,0,284000.0
239,26,F,urbaine,formel,Sud-Ouest,135000.0,28,1,0.2891,0.2436,-0.98,-0.5358,0.3947,0.1006,1,135000.0
240,18,M,urbaine,formel,Sud,59000.0,62,0,0.1639,-1.0325,0.0571,0.3468,0.5701,0.1722,0,58000.0
241,22,F,semi_urbaine,informel,Extrême-Nord,195000.0,73,0,0.7655,1.0532,0.4207,0.0434,0.5045,0.2987,0,183000.0
242,19,M,urbaine,informel,Extrême-Nord,35000.0,38,1,-2.5771,-1.8386,1.1188,-0.7047,0.6173,0.3768,1,30000.0
243,27,F,urbaine,informel,Sud,93000.0,62,1,-2.5649,-0.755,1.6448,-1.9894,0.7774,0.7277,1,75000.0
244,24,M,urbaine,formel,Nord,195000.0,1,0,0.0108,1.1201,0.2703,0.3674,0.599,0.1563,0,187000.0
245,20,M,urbaine,formel,Littoral,150000.0,28,0,0.9918,0.4976,-1.1652,0.079,0.5549,0.0752,0,150000.0
246,30,F,urbaine,informel,Sud-Ouest,121000.0,91,0,-0.4264,-0.191,0.7554,-0.5174,0.7391,0.4718,0,109000.0
247,21,M,semi_urbaine,formel,Ouest,120000.0,55,1,-1.9134,-0.5808,2.745,-0.7374,0.6699,0.8946,1,85000.0
248,24,F,urbaine,informel,Sud,160000.0,83,0,-1.192,-0.0108,2.2952,0.0128,0.7461,0.7427,0,119000.0
249,35,M,semi_urbaine,informel,Nord-Ouest,180000.0,21,0,2.5525,1.0037,-2.3332,0.7805,0.7059,0.0375,0,180000.0
250,19,F,semi_urbaine,informel,Sud,134000.0,28,0,-0.1113,0.02,0.7304,0.3978,0.8354,0.4555,0,121000.0
251,22,F,urbaine,informel,Sud,87000.0,93,1,-0.5549,-0.8302,1.559,1.6381,0.6342,0.3013,1,70000.0
252,23,F,urbaine,informel,Centre,48000.0,95,1,-0.0173,-1.2475,0.4801,0.7048,0.8123,0.2163,1,45000.0
253,27,F,urbaine,formel,Extrême-Nord,107000.0,84,0,-0.2842,-0.2096,-0.3328,-0.1073,0.6366,0.1389,0,107000.0
254,22,F,semi_urbaine,informel,Sud-Ouest,152000.0,31,0,0.1818,0.3923,0.4123,1.0383,0.8963,0.2579,0,144000.0
255,35,M,urbaine,formel,Littoral,193000.0,77,0,0.4139,0.9436,0.6199,0.0487,0.3383,0.1541,0,177000.0
256,18,F,semi_urbaine,informel,Ouest,72000.0,44,0,0.201,-0.8005,-0.4976,0.3452,0.7546,0.2823,0,72000.0
257,35,M,semi_urbaine,formel,Nord-Ouest,36000.0,81,0,-1.5649,-1.6108,1.3255,1.5964,0.6839,0.5122,0,30000.0
258,27,F,semi_urbaine,formel,Est,183000.0,81,0,0.4679,1.02,0.0764,-0.5981,0.6619,0.241,0,181000.0
259,18,F,urbaine,informel,Sud,66000.0,42,1,-0.1611,-0.8977,-0.2826,0.0233,0.7621,0.1583,0,66000.0
260,20,M,semi_urbaine,formel,Est,234000.0,29,0,0.4948,1.2891,1.24,1.4897,0.5785,0.466,0,197000.0
261,19,M,urbaine,formel,Littoral,111000.0,93,0,1.6008,-0.1561,-1.4312,0.309,0.5694,0.0928,0,111000.0
262,23,F,urbaine,informel,Ouest,61000.0,43,1,-0.3964,-0.9879,0.0592,-0.3691,0.5722,0.2487,1,61000.0
263,23,F,urbaine,formel,Est,165000.0,42,0,0.151,0.7532,-0.4592,-1.7062,0.5623,0.1905,0,165000.0
264,29,M,semi_urbaine,informel,Littoral,372000.0,64,0,-0.6305,2.3577,2.8184,-1.9703,0.8724,0.7425,0,261000.0
265,23,M,urbaine,formel,Extrême-Nord,201000.0,89,0,1.8906,1.349,-0.5492,2.0762,0.6789,0.1498,0,201000.0
266,31,M,semi_urbaine,formel,Ouest,164000.0,13,0,1.6744,0.7362,-2.0249,0.6085,0.6504,0.0804,0,164000.0
267,23,F,urbaine,formel,Nord,178000.0,94,0,1.2525,0.9589,-0.518,-0.5841,0.3192,0.2637,0,178000.0
268,22,F,semi_urbaine,informel,Sud-Ouest,35000.0,41,1,-1.4411,-1.7511,1.121,0.6495,0.8271,0.6911,1,30000.0
269,22,M,urbaine,informel,Nord,64000.0,3,0,-1.8642,-1.1223,1.4589,-0.9477,0.874,0.6188,0,53000.0
270,23,M,urbaine,formel,Adamaoua,41000.0,30,1,-2.2627,-1.9109,2.352,-0.3312,0.3773,0.6976,1,30000.0
271,33,F,semi_urbaine,informel,Est,293000.0,44,0,-0.2203,1.7299,2.0558,-0.6409,0.7447,0.6413,0,224000.0
272,22,F,urbaine,informel,Sud,239000.0,65,0,0.4728,1.5274,0.8536,-1.4133,0.8283,0.2114,0,212000.0
273,22,F,urbaine,informel,Sud,144000.0,54,0,0.6359,0.3928,-0.2386,-2.105,0.7641,0.1169,0,144000.0
274,35,M,urbaine,informel,Centre,172000.0,13,0,-1.6978,0.1351,2.2924,-1.5977,0.842,0.7236,0,128000.0
275,29,F,urbaine,informel,Ouest,31000.0,47,0,-0.8106,-1.5516,0.2447,1.0213,0.5663,0.3005,0,30000.0
276,21,F,urbaine,informel,Centre,107000.0,23,0,-0.3182,-0.2193,-0.0382,-0.9869,0.5999,0.4534,0,107000.0
277,33,F,urbaine,informel,Adamaoua,236000.0,26,1,1.0624,1.7924,0.2334,0.5349,0.7525,0.4997,0,228000.0
278,21,M,urbaine,informel,Ouest,128000.0,68,0,1.1184,0.1314,-0.6373,0.9566,0.5749,0.1207,0,128000.0
279,20,F,semi_urbaine,formel,Nord,122000.0,77,0,1.0669,0.0354,-0.3389,0.3166,0.6306,0.2471,0,122000.0
280,26,F,urbaine,formel,Adamaoua,51000.0,15,0,-1.3929,-1.1581,-0.143,-0.2986,0.4503,0.1525,0,51000.0
281,30,F,urbaine,informel,Nord-Ouest,245000.0,58,0,0.5993,1.3803,1.3814,0.133,0.7536,0.6576,0,203000.0
282,21,F,urbaine,formel,Extrême-Nord,152000.0,41,0,0.9864,0.5299,-0.2729,-0.4166,0.5762,0.2569,0,152000.0
283,31,M,urbaine,formel,Centre,51000.0,32,0,0.5866,-1.1567,-1.1727,1.2039,0.4738,0.1666,0,51000.0
284,20,F,semi_urbaine,formel,Sud,101000.0,68,0,1.737,-0.3243,-1.4825,2.1765,0.6064,0.0507,0,101000.0
285,32,F,semi_urbaine,formel,Sud,84000.0,24,0,-0.2425,-0.6775,0.3493,1.7498,0.6986,0.4068,0,79000.0
286,19,M,semi_urbaine,informel,Nord,125000.0,73,0,-0.8948,-0.1317,0.7672,-1.8516,0.9729,0.1926,0,112000.0
287,26,F,urbaine,informel,Nord-Ouest,134000.0,39,1,0.1596,0.2073,0.0949,-0.437,0.7463,0.4658,1,132000.0
288,29,M,urbaine,formel,Est,126000.0,10,0,0.3188,0.0968,-0.3783,0.0042,0.446,0.1604,0,126000.0
289,22,M,urbaine,formel,Ouest,216000.0,76,0,1.0739,1.377,0.4556,0.4631,0.3358,0.2907,0,203000.0
290,29,F,urbaine,formel,Nord,196000.0,81,1,-0.5658,0.6788,1.4621,-1.7273,0.3577,0.2303,1,161000.0
291,30,M,urbaine,formel,Nord,220000.0,54,0,1.1913,1.6623,-0.7002,-1.7434,0.3997,0.1031,0,220000.0
292,29,F,semi_urbaine,informel,Adamaoua,109000.0,69,1,0.2964,-0.3572,0.7338,1.6068,0.7243,0.6163,0,99000.0
293,25,M,urbaine,informel,Centre,375000.0,15,0,-0.008,3.0453,1.5945,-0.5591,0.6811,0.5446,0,303000.0
294,31,F,urbaine,informel,Adamaoua,86000.0,33,1,-0.4338,-0.5645,-0.1139,-1.4874,0.8109,0.3375,1,86000.0
295,31,M,urbaine,informel,Nord-Ouest,72000.0,34,1,-0.577,-0.9033,0.6377,-1.1036,0.7668,0.4,1,66000.0
296,23,M,urbaine,informel,Sud-Ouest,64000.0,73,1,-0.6159,-1.0263,0.598,0.3905,0.68,0.5438,0,58000.0
297,31,M,urbaine,informel,Sud,107000.0,34,0,0.561,-0.2109,-0.7132,-0.8225,0.4906,0.1784,0,107000.0
298,34,F,urbaine,informel,Adamaoua,34000.0,70,1,-1.5055,-1.7195,0.8199,0.2416,0.7568,0.3055,1,30000.0
299,32,F,semi_urbaine,informel,Nord-Ouest,152000.0,30,0,-0.533,0.2946,0.6819,-0.6787,0.7519,0.4128,0,138000.0
300,31,F,urbaine,formel,Ouest,45000.0,58,1,-1.7189,-1.3053,0.6015,-1.7442,0.2321,0.5503,1,42000.0
301,31,F,urbaine,informel,Centre,130000.0,20,0,1.2065,0.1617,-0.5438,1.4244,0.7156,0.2331,0,130000.0
302,32,M,urbaine,formel,Extrême-Nord,76000.0,54,0,0.3083,-0.7513,0.1173,0.3982,0.5365,0.2202,0,75000.0
303,23,F,semi_urbaine,formel,Littoral,162000.0,8,0,-0.9971,0.2187,1.449,-0.0338,0.3363,0.7954,0,133000.0
304,30,M,urbaine,informel,Centre,219000.0,70,1,-0.8487,0.6045,2.6869,-0.5214,0.5468,0.8922,0,156000.0
305,21,M,semi_urbaine,informel,Est,333000.0,3,0,0.9701,2.304,1.942,1.7649,0.8092,0.7752,0,258000.0
306,24,F,semi_urbaine,formel,Sud-Ouest,91000.0,95,0,0.9387,-0.478,-1.0362,0.8915,0.7042,0.1148,0,91000.0
307,34,F,urbaine,formel,Extrême-Nord,158000.0,80,0,0.5529,0.4497,0.5178,1.1468,0.3338,0.4023,0,147000.0
308,23,M,semi_urbaine,formel,Ouest,113000.0,55,0,0.4187,-0.1238,-0.3773,-0.2837,0.5293,0.2347,0,113000.0
309,33,F,urbaine,informel,Littoral,77000.0,87,0,-1.0385,-0.8699,0.9246,0.0507,0.7034,0.1858,0,68000.0
310,25,F,semi_urbaine,formel,Centre,113000.0,77,0,0.7963,-0.115,-0.6606,0.7022,0.5579,0.1601,0,113000.0
311,21,M,urbaine,informel,Nord,169000.0,14,0,1.5206,0.8241,-1.0608,-0.5501,0.7633,0.1139,0,169000.0
312,19,M,semi_urbaine,informel,Centre,95000.0,71,0,-0.3863,-0.4881,0.3021,0.2045,0.7332,0.2635,0,91000.0
313,27,F,urbaine,informel,Sud-Ouest,306000.0,36,0,0.5187,2.2493,1.3238,-0.5836,0.506,0.5185,0,255000.0
314,26,F,urbaine,informel,Nord,165000.0,82,1,0.2123,0.416,0.9385,0.3991,0.7523,0.2518,1,145000.0
315,27,F,urbaine,formel,Sud,103000.0,83,0,-0.7267,-0.41,0.4993,-1.3214,0.4816,0.1264,0,95000.0
316,18,M,semi_urbaine,formel,Sud,141000.0,91,0,0.5422,0.2333,0.3687,0.872,0.7616,0.4451,0,134000.0
317,22,M,urbaine,informel,Nord,83000.0,43,0,-0.3199,-0.8018,1.0337,0.3107,0.6457,0.5517,0,72000.0
318,18,M,urbaine,formel,Sud-Ouest,223000.0,19,0,0.3897,1.4001,0.6147,-0.2033,0.4262,0.1002,0,204000.0
319,23,M,semi_urbaine,formel,Centre,58000.0,12,0,-0.1853,-1.0388,-0.1205,0.7495,0.771,0.1475,0,58000.0
320,34,M,semi_urbaine,formel,Nord,77000.0,16,1,-0.0889,-0.741,0.154,-0.0649,0.3555,0.3468,1,76000.0
321,20,F,urbaine,formel,Est,154000.0,95,0,-1.1036,0.0085,1.8751,-0.6701,0.6591,0.5547,0,121000.0
322,30,F,urbaine,formel,Est,205000.0,56,0,0.4093,1.2829,0.2599,0.5437,0.5891,0.4209,0,197000.0
323,18,M,urbaine,informel,Sud-Ouest,214000.0,34,0,1.0096,1.2331,0.7039,0.587,0.8069,0.5655,0,194000.0
324,28,M,semi_urbaine,informel,Est,226000.0,43,0,0.2932,1.3805,0.746,-0.2073,0.7156,0.2418,0,203000.0
325,34,M,urbaine,informel,Sud,161000.0,17,0,0.0515,0.5298,0.385,-0.5931,0.5146,0.3231,0,152000.0
326,24,F,semi_urbaine,informel,Littoral,119000.0,55,0,-0.3359,-0.0829,0.2216,0.117,0.785,0.2555,0,115000.0
327,21,F,urbaine,formel,Adamaoua,212000.0,41,0,0.5569,1.3946,0.2774,-0.552,0.3435,0.1319,0,204000.0
328,28,F,urbaine,informel,Sud-Ouest,52000.0,76,0,-0.4103,-1.1445,0.1035,1.5251,0.5463,0.1444,0,51000.0
329,23,F,urbaine,informel,Extrême-Nord,32000.0,3,0,-1.4116,-1.8447,0.5066,0.3165,0.7606,0.2635,0,30000.0
330,34,M,urbaine,formel,Extrême-Nord,182000.0,89,0,1.0318,1.0366,-0.6959,0.0146,0.4729,0.0902,0,182000.0
331,33,M,semi_urbaine,informel,Nord,66000.0,6,0,-1.7015,-1.0057,0.736,-0.6327,0.64,0.4582,0,60000.0
332,29,F,urbaine,formel,Nord-Ouest,168000.0,40,0,-0.0206,0.5347,0.6878,0.739,0.5178,0.4864,0,152000.0
333,29,F,urbaine,formel,Sud,163000.0,33,0,-0.6027,0.7196,-0.1139,-0.6116,0.4901,0.2508,0,163000.0
334,28,M,semi_urbaine,formel,Nord,171000.0,69,0,1.2122,0.8481,-1.8575,-0.3527,0.7543,0.0744,0,171000.0
335,31,F,semi_urbaine,formel,Ouest,235000.0,63,0,1.1307,1.5378,0.7173,1.0726,0.6344,0.3069,0,212000.0
336,26,M,semi_urbaine,formel,Nord-Ouest,214000.0,19,0,0.8094,1.4321,0.2649,0.6873,0.7236,0.3319,0,206000.0
337,35,M,urbaine,informel,Ouest,132000.0,47,1,-0.7822,0.195,-0.3608,-2.5034,0.6619,0.1956,1,132000.0
338,24,F,urbaine,informel,Littoral,114000.0,51,1,-0.889,-0.442,1.4301,-0.1578,0.7841,0.5056,1,93000.0
339,18,F,semi_urbaine,formel,Adamaoua,162000.0,45,0,0.9905,0.7078,-1.2956,0.4255,0.5141,0.2095,0,162000.0
340,30,M,urbaine,informel,Nord,105000.0,3,0,-1.3964,-0.5962,1.6717,-0.3396,0.6316,0.2903,0,84000.0
341,29,M,urbaine,formel,Extrême-Nord,145000.0,17,0,0.06,0.4036,0.0284,0.1604,0.4289,0.0833,0,144000.0
342,35,F,semi_urbaine,informel,Nord-Ouest,277000.0,48,0,1.8559,2.6182,-1.6262,-1.5097,0.7133,0.0967,0,277000.0
343,25,M,urbaine,formel,Adamaoua,174000.0,25,0,-0.7277,0.7822,0.2828,-2.831,0.5221,0.2307,0,167000.0
344,25,M,urbaine,formel,Extrême-Nord,183000.0,52,0,1.435,1.0502,-0.297,-0.9755,0.5458,0.0809,0,183000.0
345,28,M,semi_urbaine,informel,Nord-Ouest,79000.0,16,0,-0.6952,-0.7055,0.1055,0.5822,0.812,0.1769,0,78000.0
346,25,F,semi_urbaine,informel,Adamaoua,181000.0,70,0,-0.0256,1.0201,-0.0813,-2.925,0.7821,0.1641,0,181000.0
347,32,M,urbaine,informel,Est,178000.0,18,0,0.0088,0.7603,0.481,-0.8435,0.5413,0.4921,0,166000.0
348,25,M,urbaine,informel,Centre,170000.0,62,0,-0.4891,0.7674,0.1725,-1.9228,0.7884,0.4707,0,166000.0
349,32,F,urbaine,informel,Nord-Ouest,133000.0,80,0,0.4331,0.2149,-1.2227,-0.2426,0.67,0.2466,0,133000.0
350,25,F,urbaine,formel,Littoral,262000.0,35,0,0.409,1.6342,1.341,1.9579,0.3446,0.2599,0,218000.0
351,22,M,semi_urbaine,formel,Adamaoua,232000.0,14,0,1.2149,1.8717,-0.1213,0.0828,0.6153,0.0971,0,232000.0
352,35,F,semi_urbaine,formel,Centre,173000.0,1,0,0.5678,0.8831,-0.6673,0.1925,0.3234,0.0594,0,173000.0
353,27,F,urbaine,formel,Ouest,149000.0,35,0,1.0126,0.4854,-1.0375,0.8392,0.4545,0.1884,0,149000.0
354,30,F,urbaine,formel,Littoral,236000.0,11,0,0.4468,1.4946,0.851,0.0213,0.4015,0.4295,0,210000.0
355,28,M,semi_urbaine,informel,Extrême-Nord,66000.0,84,0,-0.1063,-0.9041,-0.653,0.085,0.727,0.1766,0,66000.0
356,24,M,urbaine,formel,Centre,117000.0,93,0,0.3302,-0.118,0.2673,0.9266,0.6665,0.2846,0,113000.0
357,35,F,urbaine,informel,Centre,117000.0,94,1,-0.1228,-0.0533,0.0091,0.4719,0.4639,0.2639,1,117000.0
358,24,M,urbaine,informel,Sud,31000.0,88,0,-0.5348,-1.7414,0.1266,0.2886,0.7601,0.1738,0,30000.0
359,35,F,semi_urbaine,informel,Est,170000.0,56,0,0.9183,0.8276,-0.4249,0.1612,0.8935,0.2546,0,170000.0
360,25,M,urbaine,informel,Sud,63000.0,31,0,-0.4224,-0.9629,0.037,-0.3461,0.7867,0.2538,0,62000.0
361,18,M,semi_urbaine,formel,Sud-Ouest,130000.0,43,1,-0.054,0.1285,0.1417,1.2172,0.6647,0.1309,1,128000.0
362,18,M,urbaine,formel,Extrême-Nord,150000.0,25,0,-0.2476,0.3867,0.3124,-0.3365,0.3853,0.3375,0,143000.0
363,35,F,semi_urbaine,informel,Sud,122000.0,80,0,0.3515,0.0393,-0.1682,1.5313,0.5872,0.1967,0,122000.0
364,27,M,urbaine,informel,Nord,107000.0,42,0,-0.9044,-0.3437,0.5333,-1.0471,0.6211,0.4053,0,99000.0
365,24,F,urbaine,formel,Sud,174000.0,37,0,0.6431,0.5326,0.9666,1.4338,0.3909,0.3764,0,152000.0
366,32,M,urbaine,formel,Centre,152000.0,66,0,1.4212,0.5404,-1.5974,0.472,0.326,0.0995,0,152000.0
367,29,F,urbaine,informel,Ouest,102000.0,36,0,-1.4252,-0.447,0.6168,-0.9685,0.6154,0.4224,0,93000.0
368,29,F,urbaine,informel,Extrême-Nord,74000.0,34,0,-0.3609,-0.7732,-0.3225,0.509,0.6416,0.1394,0,74000.0
369,30,F,urbaine,formel,Nord,221000.0,22,0,0.5882,1.6815,-0.9556,-0.6503,0.4857,0.1227,0,221000.0
370,21,M,urbaine,formel,Centre,31000.0,7,1,-1.6726,-1.5044,0.331,0.0334,0.35,0.3123,1,30000.0
371,19,F,urbaine,informel,Littoral,109000.0,4,0,-0.2915,-0.2057,0.085,-0.4866,0.6515,0.3505,0,108000.0
372,31,M,semi_urbaine,formel,Adamaoua,128000.0,39,0,0.2491,0.1311,-1.1075,0.1671,0.5466,0.1577,0,128000.0
373,18,F,urbaine,informel,Nord,188000.0,95,0,-0.2379,0.4188,1.9666,0.9414,0.7114,0.5988,0,145000.0
374,30,F,semi_urbaine,formel,Centre,80000.0,25,0,-0.9492,-0.8543,1.0744,0.8185,0.7717,0.5169,0,69000.0
375,20,M,semi_urbaine,informel,Nord-Ouest,90000.0,61,0,0.1664,-0.4998,-1.2645,-0.8254,0.8388,0.0402,0,90000.0
376,22,F,urbaine,formel,Sud,150000.0,31,0,0.8143,0.4976,-1.4141,-1.0681,0.3015,0.0663,0,150000.0
377,30,M,semi_urbaine,formel,Sud-Ouest,244000.0,29,0,0.2289,1.6701,0.7184,0.5708,0.6246,0.3061,0,220000.0
378,29,M,semi_urbaine,informel,Adamaoua,148000.0,16,0,0.2941,0.3322,0.3788,0.6432,0.8185,0.5522,0,140000.0
379,32,F,semi_urbaine,informel,Nord,65000.0,54,0,-2.2149,-1.1835,2.1495,-0.3744,0.7447,0.6986,0,49000.0
380,28,F,urbaine,informel,Sud,107000.0,63,0,-0.5271,-0.4875,1.2193,1.5913,0.515,0.6135,0,91000.0
381,18,F,urbaine,formel,Nord-Ouest,223000.0,34,0,0.5517,1.4861,0.4448,0.8135,0.7269,0.1238,0,209000.0
382,33,M,urbaine,informel,Extrême-Nord,48000.0,51,0,-0.2767,-1.2008,-0.4236,-0.6256,0.4913,0.1691,0,48000.0
383,21,M,urbaine,informel,Ouest,135000.0,46,1,-0.7232,-0.0786,1.1462,-0.7223,0.7739,0.3831,1,115000.0
384,20,F,semi_urbaine,informel,Extrême-Nord,119000.0,26,0,-0.6545,-0.0091,-0.6084,0.0722,0.8366,0.4844,0,119000.0
385,33,F,semi_urbaine,formel,Nord-Ouest,161000.0,66,1,-0.5128,0.2142,1.4298,-0.0319,0.6226,0.3981,1,133000.0
386,21,F,urbaine,informel,Littoral,328000.0,53,0,0.6168,2.6958,1.0926,1.2562,0.8524,0.5068,0,282000.0
387,27,F,semi_urbaine,informel,Littoral,95000.0,7,0,-0.0722,-0.4127,-0.159,1.2845,0.8293,0.256,0,95000.0
388,26,M,urbaine,informel,Extrême-Nord,178000.0,47,0,-0.6082,0.4498,1.427,0.0351,0.6116,0.3386,0,147000.0
389,31,M,semi_urbaine,formel,Littoral,149000.0,37,0,-1.3769,-0.1663,2.3804,0.9779,0.6942,0.6287,0,110000.0
390,18,F,urbaine,formel,Adamaoua,188000.0,76,0,1.3182,1.1277,-0.1284,0.823,0.4463,0.2364,0,188000.0
391,19,M,semi_urbaine,formel,Littoral,230000.0,30,0,0.679,1.4708,0.6862,0.3583,0.6788,0.3473,0,208000.0
392,25,F,semi_urbaine,informel,Est,87000.0,91,0,-0.2098,-0.588,0.2027,0.7026,0.6726,0.0999,0,85000.0
393,26,F,urbaine,informel,Extrême-Nord,129000.0,59,0,-0.4552,-0.0547,0.6961,0.5942,0.554,0.3288,0,117000.0
394,32,M,urbaine,formel,Sud-Ouest,102000.0,13,0,0.6562,-0.2953,-1.4241,0.4876,0.4156,0.1225,0,102000.0
395,28,M,semi_urbaine,informel,Ouest,56000.0,39,0,-1.7273,-1.1444,0.6615,-0.4788,0.8101,0.4871,0,51000.0
396,20,M,urbaine,informel,Nord,200000.0,84,1,0.0509,1.0368,0.6477,-0.6777,0.5205,0.5778,1,182000.0
397,35,F,urbaine,formel,Nord-Ouest,158000.0,25,0,-0.8076,0.046,1.8881,-0.2886,0.4457,0.4521,0,123000.0
398,26,F,semi_urbaine,formel,Nord-Ouest,30000.0,67,0,-0.474,-1.8136,-1.6938,-0.4067,0.5059,0.1135,0,30000.0
399,35,F,urbaine,informel,Ouest,238000.0,75,0,0.3682,1.7654,0.3682,-1.4731,0.7452,0.3329,0,226000.0
400,35,F,urbaine,informel,Sud,92000.0,66,0,-1.4355,-0.8021,1.9009,0.676,0.564,0.8411,0,72000.0
401,18,M,urbaine,formel,Est,141000.0,9,0,0.919,0.3536,-0.1645,0.3464,0.3866,0.1906,0,141000.0
402,27,M,urbaine,informel,Ouest,234000.0,36,0,-0.021,1.6409,0.464,-1.3394,0.6765,0.1405,0,218000.0
403,25,F,semi_urbaine,informel,Extrême-Nord,111000.0,34,0,-0.1622,-0.1417,-0.1907,0.0591,0.7127,0.3403,0,111000.0
404,26,M,urbaine,informel,Littoral,110000.0,33,0,-0.4014,-0.1633,-0.2732,-0.1843,0.797,0.1806,0,110000.0
405,23,F,urbaine,informel,Adamaoua,46000.0,84,1,0.3608,-1.2282,-1.1864,0.1819,0.6971,0.0917,0,46000.0
406,28,M,urbaine,informel,Littoral,30000.0,1,0,-1.3514,-1.6348,-0.0005,-1.0819,0.6436,0.1333,0,30000.0
407,26,F,semi_urbaine,informel,Ouest,110000.0,52,0,-0.4683,-0.1664,-0.3221,-1.054,0.8361,0.4215,0,110000.0
408,21,F,urbaine,formel,Sud-Ouest,183000.0,94,0,1.2288,0.9628,0.1934,0.5197,0.377,0.1918,0,178000.0
409,23,M,semi_urbaine,informel,Nord,138000.0,84,1,0.2369,0.3055,-0.1502,-1.234,0.6876,0.4526,0,138000.0
410,20,F,semi_urbaine,formel,Littoral,127000.0,58,0,0.6928,0.1187,-0.34,0.0673,0.6979,0.1342,0,127000.0
411,33,F,semi_urbaine,informel,Extrême-Nord,124000.0,95,0,0.1008,0.0203,0.1746,-0.0261,0.6342,0.1979,0,121000.0
412,30,F,semi_urbaine,formel,Centre,46000.0,39,0,-0.5657,-1.2372,0.0394,0.1767,0.4378,0.3839,0,46000.0
413,24,F,semi_urbaine,informel,Est,151000.0,59,0,0.3557,0.4602,0.1436,0.5527,0.8604,0.286,0,148000.0
414,25,F,semi_urbaine,formel,Centre,166000.0,52,0,2.1215,0.7614,-0.9269,1.8986,0.6746,0.1023,0,166000.0
415,19,F,urbaine,formel,Nord,281000.0,5,0,0.6366,2.5737,0.1585,-1.5995,0.3635,0.1272,0,274000.0
416,23,M,semi_urbaine,formel,Est,184000.0,4,0,-0.248,0.6075,1.1786,1.1766,0.5557,0.3743,0,156000.0
417,34,M,urbaine,informel,Littoral,70000.0,86,0,-1.5964,-0.9427,0.7292,-2.5122,0.5037,0.4784,0,63000.0
418,18,F,urbaine,informel,Centre,118000.0,17,0,0.0193,-0.0507,0.0639,1.3937,0.8685,0.1516,0,117000.0
419,20,F,semi_urbaine,formel,Nord-Ouest,137000.0,34,1,-0.351,0.2722,0.0264,-1.7429,0.7477,0.168,1,136000.0
420,33,M,semi_urbaine,informel,Centre,146000.0,60,0,2.3037,0.4347,-1.4089,2.7364,0.7088,0.0745,0,146000.0
421,27,M,semi_urbaine,informel,Adamaoua,131000.0,55,0,-0.4935,0.0269,0.5267,-0.0898,0.8303,0.3808,0,122000.0
422,18,M,urbaine,formel,Sud-Ouest,80000.0,49,0,0.3177,-0.6599,-0.3285,1.2904,0.3594,0.3301,0,80000.0
423,26,M,urbaine,informel,Adamaoua,30000.0,94,0,0.0113,-1.6357,-0.3139,1.0842,0.598,0.1881,0,30000.0
424,31,M,urbaine,formel,Ouest,172000.0,75,0,1.063,0.8629,-0.6661,-0.4365,0.4302,0.09,0,172000.0
425,24,F,urbaine,formel,Littoral,239000.0,90,0,0.8203,1.9831,-0.3039,-0.3597,0.5315,0.5186,0,239000.0
426,24,F,urbaine,informel,Est,155000.0,63,0,-1.3877,0.0793,1.6283,-0.8372,0.6795,0.5512,0,125000.0
427,29,M,urbaine,formel,Nord-Ouest,241000.0,94,0,0.1113,1.4133,1.1849,0.7874,0.4644,0.4139,0,205000.0
428,28,M,urbaine,informel,Est,181000.0,58,0,0.706,1.0128,-0.2942,-0.4235,0.6695,0.1855,0,181000.0
429,34,F,semi_urbaine,informel,Nord,139000.0,52,0,-0.3493,0.2668,0.1275,-0.519,0.7281,0.259,0,136000.0
430,22,M,urbaine,informel,Sud-Ouest,73000.0,78,0,-0.3233,-0.8145,0.1419,0.5373,0.6723,0.3046,0,71000.0
431,22,F,semi_urbaine,informel,Sud,161000.0,83,1,-1.1325,0.1953,1.4651,-0.5972,0.7779,0.705,1,132000.0
432,20,M,semi_urbaine,informel,Sud-Ouest,216000.0,7,0,-0.197,1.2071,0.8133,-0.029,0.8388,0.4936,0,192000.0
433,29,M,urbaine,informel,Ouest,168000.0,87,0,-0.2528,0.5299,0.7324,0.1071,0.6982,0.5758,0,152000.0
434,27,F,urbaine,formel,Nord,220000.0,66,0,0.5754,1.3482,0.6312,-0.6424,0.4748,0.4737,0,201000.0
435,24,F,urbaine,formel,Extrême-Nord,128000.0,86,1,0.6828,0.1375,-0.5296,-0.4915,0.3342,0.1609,1,128000.0
436,30,F,semi_urbaine,informel,Centre,140000.0,68,0,-0.5438,-0.2024,1.9975,1.835,0.6683,0.7357,0,108000.0
437,24,M,urbaine,formel,Nord,151000.0,89,0,0.3123,0.4813,0.1032,-0.2042,0.5248,0.3678,0,149000.0
438,21,M,urbaine,formel,Ouest,153000.0,27,0,-0.1998,0.5487,-0.7207,-0.3596,0.6761,0.0682,0,153000.0
439,27,F,semi_urbaine,formel,Centre,226000.0,18,0,0.7487,1.768,-0.1063,0.1249,0.6169,0.5258,0,226000.0
440,25,F,semi_urbaine,informel,Littoral,38000.0,19,0,-2.5777,-2.3472,1.8842,0.7545,0.7615,0.5959,0,30000.0
441,25,M,urbaine,formel,Sud-Ouest,158000.0,24,0,0.2095,0.6305,-0.3262,-1.0339,0.4947,0.1413,0,158000.0
442,26,F,urbaine,formel,Littoral,174000.0,21,0,-0.0995,0.5205,1.0144,0.4272,0.3241,0.2471,0,151000.0
443,34,F,urbaine,formel,Nord,74000.0,42,0,0.0882,-0.7715,-0.5143,0.2558,0.5551,0.0778,0,74000.0
444,21,F,urbaine,formel,Sud,196000.0,19,0,0.865,1.2718,-0.661,-1.7887,0.5233,0.2124,0,196000.0
445,22,M,urbaine,informel,Adamaoua,91000.0,16,0,-0.9809,-0.7245,1.2856,1.7943,0.6299,0.8204,0,77000.0
446,28,M,urbaine,formel,Centre,135000.0,50,0,0.8733,0.243,-0.7897,1.4608,0.4215,0.087,0,135000.0
447,18,F,semi_urbaine,informel,Sud-Ouest,282000.0,76,0,0.5393,1.8488,1.4809,-0.5006,0.7919,0.6321,0,231000.0
448,20,M,urbaine,informel,Littoral,208000.0,13,0,-0.5128,1.01,1.0177,-1.1224,0.8305,0.512,0,181000.0
449,28,M,semi_urbaine,formel,Sud-Ouest,190000.0,49,0,1.2031,1.1745,-0.7604,0.5281,0.566,0.2003,0,190000.0
450,27,F,urbaine,informel,Sud-Ouest,155000.0,63,1,0.2317,0.3808,0.5656,-1.4259,0.6852,0.6985,0,143000.0
451,29,M,semi_urbaine,informel,Nord-Ouest,112000.0,68,0,0.7069,-0.1647,0.1153,1.6643,0.8206,0.5041,0,110000.0
452,20,M,semi_urbaine,informel,Sud-Ouest,276000.0,10,0,0.1702,1.9994,1.0014,-0.1685,0.7619,0.4398,0,240000.0
453,33,F,semi_urbaine,formel,Est,265000.0,70,0,0.0559,1.4022,2.0025,1.9218,0.5737,0.6941,0,204000.0
454,26,F,semi_urbaine,formel,Littoral,111000.0,3,0,0.1537,-0.1495,-0.2429,-0.5244,0.6389,0.242,0,111000.0
455,20,M,urbaine,informel,Centre,42000.0,23,1,-1.5095,-1.4001,1.1416,-0.1122,0.539,0.5038,1,36000.0
456,23,M,urbaine,informel,Centre,169000.0,31,0,0.2301,0.5668,0.6691,1.2672,0.7231,0.2582,0,154000.0
457,22,F,urbaine,informel,Nord,128000.0,82,0,-0.0393,-0.0559,0.6639,-0.3232,0.6993,0.2928,0,117000.0
458,26,M,urbaine,informel,Littoral,37000.0,19,1,-0.7911,-1.4289,0.4727,0.2721,0.6896,0.5286,1,34000.0
459,26,M,semi_urbaine,formel,Centre,182000.0,75,0,1.8107,1.0286,-0.7352,1.3927,0.6109,0.2295,0,182000.0
460,25,F,urbaine,informel,Ouest,119000.0,94,0,-0.2651,-0.269,0.9772,-0.556,0.7102,0.439,0,104000.0
461,26,M,semi_urbaine,informel,Est,161000.0,92,0,0.2305,0.5307,0.3875,-0.9617,0.881,0.3788,0,152000.0
462,34,F,urbaine,informel,Adamaoua,147000.0,29,0,0.1118,0.4417,-0.3109,-1.4587,0.4693,0.3632,0,147000.0
463,35,M,urbaine,formel,Centre,139000.0,10,0,-0.9309,-0.0083,1.0833,0.5834,0.3458,0.2063,0,120000.0
464,26,F,urbaine,formel,Est,200000.0,22,0,1.1909,1.2328,0.2073,0.3888,0.5416,0.2008,0,194000.0
465,35,F,semi_urbaine,informel,Ouest,96000.0,74,0,-0.3662,-0.4979,0.4282,1.3617,0.7814,0.6448,0,90000.0
466,32,M,semi_urbaine,informel,Sud-Ouest,122000.0,19,0,-1.4476,-0.4329,1.9993,0.026,0.7963,0.7269,0,94000.0
467,32,F,urbaine,informel,Nord,88000.0,62,0,-0.3776,-0.5323,-1.1619,-1.4307,0.871,0.0616,0,88000.0
468,22,M,urbaine,formel,Sud-Ouest,270000.0,36,0,-0.6707,1.731,1.3864,-2.3528,0.568,0.5045,0,224000.0
469,25,F,semi_urbaine,formel,Nord-Ouest,139000.0,73,0,1.5435,0.3194,-0.7327,3.168,0.7373,0.2064,0,139000.0
470,24,M,urbaine,informel,Nord-Ouest,228000.0,58,0,0.5404,1.3724,0.8428,0.5269,0.6562,0.1456,0,202000.0
471,19,M,semi_urbaine,formel,Sud,263000.0,56,0,1.9131,2.3835,-0.4796,0.4368,0.5425,0.1644,0,263000.0
472,19,M,urbaine,formel,Extrême-Nord,112000.0,75,0,0.3611,-0.1387,-0.8275,0.2786,0.4774,0.0938,0,112000.0
473,29,F,urbaine,informel,Nord-Ouest,39000.0,91,0,-2.8927,-2.921,1.9597,-1.4313,0.729,0.4449,0,30000.0
474,25,F,urbaine,formel,Littoral,283000.0,35,0,-0.0637,1.6445,1.9597,-0.7949,0.5175,0.6255,0,219000.0
475,32,M,urbaine,informel,Nord,106000.0,51,0,-0.3253,-0.342,0.414,1.7433,0.6759,0.3297,0,99000.0
476,30,M,urbaine,formel,Littoral,111000.0,60,1,-0.3917,-0.2662,0.4154,0.6583,0.3996,0.2808,1,104000.0
477,19,M,urbaine,informel,Nord-Ouest,93000.0,79,0,-0.4283,-0.5887,0.6941,-0.7636,0.6856,0.358,0,85000.0
478,33,F,semi_urbaine,informel,Sud-Ouest,129000.0,46,0,-1.8712,-0.4148,2.3771,-0.9268,0.733,0.6287,0,95000.0
479,26,M,urbaine,informel,Extrême-Nord,198000.0,36,0,1.443,1.2972,-1.4633,-0.5157,0.7494,0.0396,0,198000.0
480,28,F,urbaine,informel,Sud,150000.0,81,0,-0.0195,0.1599,1.0267,-0.3154,0.7478,0.3798,0,130000.0
481,35,F,urbaine,formel,Ouest,233000.0,91,0,2.0433,1.8836,-0.6721,2.0491,0.2749,0.1995,0,233000.0
482,29,M,urbaine,informel,Littoral,150000.0,55,0,1.1282,0.4942,-1.7092,-0.1883,0.7339,0.0833,0,150000.0
483,18,F,urbaine,informel,Est,106000.0,10,1,-1.1062,-0.3092,0.272,-1.1896,0.6625,0.3107,1,101000.0
484,21,M,urbaine,informel,Ouest,133000.0,28,0,-1.9321,-0.3904,2.4994,-0.0586,0.7567,0.6515,0,97000.0
485,25,F,semi_urbaine,informel,Littoral,154000.0,44,1,0.9682,0.5616,0.0001,0.5643,0.7809,0.2272,0,154000.0
486,18,F,urbaine,informel,Nord,206000.0,67,0,-1.2763,0.8204,1.462,-1.2805,0.8561,0.6809,0,169000.0
487,21,F,semi_urbaine,informel,Est,230000.0,64,0,-0.6588,0.9968,1.8555,0.7022,0.7843,0.7257,0,180000.0
488,32,M,urbaine,informel,Ouest,114000.0,78,0,-0.4214,-0.2615,0.6175,1.2089,0.6508,0.3251,0,104000.0
489,20,M,semi_urbaine,formel,Est,173000.0,3,0,0.6642,0.7752,0.2641,0.4387,0.7184,0.0673,0,167000.0
490,21,M,urbaine,informel,Sud-Ouest,155000.0,45,0,0.5312,0.584,-1.0936,-0.7971,0.6137,0.084,0,155000.0
491,27,M,urbaine,informel,Adamaoua,97000.0,67,0,-0.28,-0.384,-0.0842,-0.5289,0.6601,0.2034,0,97000.0
492,19,M,semi_urbaine,formel,Extrême-Nord,102000.0,94,0,-1.5809,-0.5349,1.0331,-1.3588,0.6303,0.2861,0,88000.0
493,22,M,semi_urbaine,informel,Centre,79000.0,14,1,-1.0727,-0.8063,0.7147,0.1662,0.7703,0.3533,0,72000.0
494,34,M,semi_urbaine,informel,Sud,121000.0,84,0,0.0153,-0.241,1.0073,0.6108,0.6999,0.5979,0,106000.0
495,29,F,urbaine,formel,Sud-Ouest,203000.0,1,0,0.1117,1.2622,0.2475,-0.8966,0.5718,0.2498,0,196000.0
496,35,F,semi_urbaine,informel,Ouest,278000.0,19,0,-0.518,1.259,2.8271,2.2397,0.6757,0.8946,0,196000.0
497,24,F,semi_urbaine,informel,Sud,40000.0,81,0,-0.873,-1.356,0.2381,1.0923,0.8433,0.1557,0,39000.0
498,29,F,semi_urbaine,informel,Littoral,113000.0,75,1,-2.0444,-0.5973,2.2655,-1.4928,0.8007,0.7018,1,84000.0
499,22,M,urbaine,formel,Extrême-Nord,139000.0,93,0,-0.1582,0.2421,0.1985,-1.7723,0.3248,0.0924,0,135000.0
500,24,F,semi_urbaine,informel,Adamaoua,227000.0,58,0,-1.4499,0.7947,2.3622,-0.684,0.8402,0.7048,0,168000.0
501,21,F,semi_urbaine,formel,Centre,124000.0,59,0,1.6173,0.0719,-1.1303,1.8732,0.4733,0.05,0,124000.0
502,32,M,semi_urbaine,informel,Sud-Ouest,106000.0,51,0,-0.0074,-0.4297,0.8466,1.1909,0.8096,0.6296,0,94000.0
503,21,M,urbaine,formel,Extrême-Nord,71000.0,49,0,0.0867,-0.812,-0.3063,1.6237,0.4369,0.2092,0,71000.0
504,21,M,urbaine,informel,Centre,166000.0,49,0,0.1009,0.4834,0.7818,0.0102,0.7118,0.5775,0,149000.0
505,26,F,semi_urbaine,informel,Nord,141000.0,28,0,-1.2924,-0.1614,1.8554,0.0905,0.6651,0.6016,0,110000.0
506,25,F,urbaine,informel,Ouest,93000.0,82,1,-0.6817,-0.654,1.018,-1.2475,0.6959,0.3328,1,81000.0
507,23,M,semi_urbaine,informel,Centre,134000.0,34,1,-0.3943,-0.2595,1.8943,0.6497,0.8695,0.5185,0,104000.0
508,24,F,urbaine,informel,Adamaoua,188000.0,59,0,0.2907,1.127,-0.0507,-0.1962,0.5979,0.2919,0,188000.0
509,23,F,urbaine,informel,Sud-Ouest,60000.0,64,0,-0.083,-1.0049,-0.1969,-0.2347,0.6294,0.4772,0,60000.0
510,34,F,semi_urbaine,formel,Nord-Ouest,108000.0,52,0,0.8949,-0.2417,0.1356,1.9181,0.5972,0.2828,0,106000.0
511,28,M,urbaine,informel,Sud,213000.0,59,0,0.0312,1.2523,0.6038,-0.1263,0.7123,0.3359,0,195000.0
512,34,M,urbaine,informel,Adamaoua,132000.0,5,1,-0.2128,0.0758,0.3783,1.331,0.3207,0.3159,1,125000.0
513,35,M,semi_urbaine,informel,Est,160000.0,31,0,-0.13,0.6698,-0.2816,-1.2881,0.885,0.2189,0,160000.0
514,29,M,semi_urbaine,informel,Extrême-Nord,184000.0,43,0,-0.0429,0.4018,1.8621,2.9881,0.8172,0.869,0,144000.0
515,32,M,semi_urbaine,informel,Nord,123000.0,38,0,-0.3702,-0.0353,0.3001,-0.0733,0.8148,0.5026,0,118000.0
516,19,F,urbaine,informel,Sud-Ouest,130000.0,87,1,-1.0141,-0.3483,2.0681,0.7072,0.7099,0.7344,1,99000.0
517,35,M,urbaine,informel,Adamaoua,185000.0,86,0,0.923,0.8316,0.5885,0.8663,0.3789,0.4002,0,170000.0
518,26,F,semi_urbaine,formel,Sud-Ouest,252000.0,68,0,-0.1023,1.7623,0.7852,-0.1974,0.6837,0.398,0,226000.0
519,30,F,urbaine,informel,Sud,218000.0,34,0,-0.2684,1.0842,1.1734,0.819,0.5787,0.5873,0,185000.0
520,22,M,urbaine,informel,Littoral,49000.0,5,1,-0.253,-1.1855,-0.1728,0.871,0.7574,0.1973,1,49000.0
521,19,F,urbaine,informel,Est,228000.0,72,0,0.2675,1.3049,1.0076,-0.7131,0.7021,0.3544,0,198000.0
522,33,F,urbaine,informel,Extrême-Nord,136000.0,84,0,-2.0624,-0.3579,2.5583,-0.7013,0.65,0.8723,0,99000.0
523,26,F,semi_urbaine,formel,Nord,117000.0,47,0,0.0417,-0.155,0.3539,0.3453,0.5115,0.2752,0,111000.0
524,20,M,semi_urbaine,formel,Sud,169000.0,79,0,0.3598,0.4307,1.05,0.1845,0.7437,0.5534,0,146000.0
525,29,F,semi_urbaine,informel,Sud-Ouest,204000.0,89,0,0.4287,0.8311,1.3242,1.6931,0.6546,0.7649,0,170000.0
526,18,F,urbaine,formel,Littoral,201000.0,52,0,0.2492,1.1405,0.4616,0.7027,0.7726,0.3607,0,188000.0
527,26,M,urbaine,formel,Adamaoua,148000.0,20,0,0.152,0.3446,0.3308,-0.0704,0.7216,0.3128,0,141000.0
528,30,F,urbaine,formel,Adamaoua,227000.0,3,0,0.9424,1.4377,0.6726,0.6061,0.6263,0.773,0,206000.0
529,30,M,urbaine,informel,Adamaoua,156000.0,72,0,-1.5238,0.1399,1.4183,-2.0467,0.7752,0.5989,0,128000.0
530,26,M,urbaine,informel,Nord,86000.0,54,0,0.0262,-0.573,-0.7189,-0.6153,0.6662,0.091,0,86000.0
531,24,M,urbaine,formel,Ouest,120000.0,15,0,0.0385,-0.108,0.371,0.2878,0.6185,0.2433,0,114000.0
532,33,F,urbaine,formel,Centre,181000.0,6,0,0.771,1.0102,-0.1061,1.1154,0.3898,0.3859,0,181000.0
533,21,F,urbaine,informel,Nord-Ouest,119000.0,93,1,-0.4332,-0.0825,0.2146,0.1998,0.5308,0.1703,1,115000.0
534,19,F,semi_urbaine,formel,Nord,90000.0,31,0,-0.6683,-0.7755,1.457,1.7582,0.8051,0.3917,0,73000.0
535,20,M,urbaine,informel,Adamaoua,171000.0,32,0,0.3495,0.8472,-0.0697,0.8679,0.8172,0.4016,0,171000.0
536,32,F,urbaine,informel,Adamaoua,91000.0,60,0,-0.2906,-0.4803,-0.7694,-0.4883,0.6266,0.1352,0,91000.0
537,26,F,semi_urbaine,formel,Littoral,285000.0,35,0,0.0383,2.1921,0.8868,0.16,0.4553,0.3617,0,252000.0
538,18,F,semi_urbaine,informel,Est,36000.0,87,0,0.6132,-1.403,-0.763,0.7084,0.787,0.2606,0,36000.0
539,21,M,semi_urbaine,formel,Littoral,145000.0,65,0,1.1266,0.4193,-1.8433,-0.1486,0.423,0.0326,0,145000.0
540,18,F,urbaine,formel,Sud-Ouest,132000.0,34,0,-0.1414,-0.1,1.0361,1.5313,0.6393,0.2229,0,114000.0
541,32,M,semi_urbaine,informel,Sud-Ouest,69000.0,26,1,-1.1179,-0.9754,0.7752,-0.8087,0.5822,0.2431,0,61000.0
542,26,F,urbaine,informel,Est,106000.0,82,0,-0.5347,-0.4868,1.1139,0.3161,0.7061,0.587,0,91000.0
543,19,F,urbaine,informel,Extrême-Nord,232000.0,57,0,1.2641,1.7706,0.1842,0.7354,0.6329,0.3365,0,226000.0
544,21,F,urbaine,formel,Adamaoua,165000.0,88,0,1.5125,0.7434,-1.3186,-0.3134,0.3289,0.052,0,165000.0
545,29,M,urbaine,formel,Sud,108000.0,33,0,0.3886,-0.1917,-1.0931,-0.5388,0.4632,0.0484,0,108000.0
546,28,F,urbaine,informel,Adamaoua,32000.0,2,1,-1.7304,-1.8286,0.3523,-0.0761,0.6224,0.3004,1,30000.0
547,32,F,urbaine,informel,Adamaoua,30000.0,86,0,-0.3477,-1.7214,-0.6281,0.812,0.7216,0.29,0,30000.0
548,18,M,semi_urbaine,informel,Adamaoua,100000.0,23,0,-1.0685,-0.5365,0.9519,-0.1998,0.7244,0.3442,0,88000.0
549,19,M,urbaine,formel,Sud-Ouest,118000.0,81,0,0.0791,-0.0337,-0.3779,-1.0689,0.4226,0.1153,0,118000.0
550,18,M,urbaine,informel,Nord,119000.0,68,1,0.0721,-0.2241,0.7754,1.1506,0.4517,0.2657,0,107000.0
551,25,M,urbaine,informel,Est,33000.0,23,0,-1.2637,-2.2722,0.739,0.3993,0.4193,0.3646,0,30000.0
552,31,F,urbaine,informel,Nord-Ouest,133000.0,72,0,-0.0701,-0.0917,1.0493,1.0079,0.8124,0.5367,0,114000.0
553,29,M,urbaine,formel,Est,238000.0,8,0,0.2314,1.6277,0.6364,0.7593,0.6846,0.6322,0,218000.0
554,21,F,urbaine,informel,Sud,227000.0,38,0,0.543,1.6228,0.3002,2.1799,0.7204,0.3545,0,217000.0
555,29,M,urbaine,formel,Est,44000.0,34,0,-0.8363,-1.2944,0.2513,1.115,0.3366,0.2486,0,42000.0
556,29,M,semi_urbaine,informel,Nord-Ouest,81000.0,63,0,-1.4447,-0.8014,0.8855,-0.4241,0.7473,0.578,0,72000.0
557,21,M,semi_urbaine,informel,Nord-Ouest,69000.0,51,0,0.6152,-0.8542,-1.7541,0.7703,0.874,0.1033,0,69000.0
558,31,M,urbaine,informel,Littoral,153000.0,59,0,-0.6529,0.1457,1.2619,-0.5575,0.5768,0.4475,0,129000.0
559,25,M,semi_urbaine,informel,Sud,53000.0,46,0,-1.1342,-1.2198,0.813,-0.1541,0.8154,0.7527,0,47000.0
560,19,M,semi_urbaine,informel,Nord-Ouest,262000.0,71,0,0.6818,1.6823,1.2293,-1.1125,0.8264,0.5229,0,221000.0
561,25,M,semi_urbaine,informel,Nord-Ouest,123000.0,16,0,0.4302,0.0435,-0.6375,0.0139,0.7469,0.1928,0,123000.0
562,31,F,semi_urbaine,informel,Est,118000.0,69,0,0.842,-0.1231,0.3266,0.845,0.7117,0.4073,0,113000.0
563,30,F,semi_urbaine,informel,Nord,216000.0,5,0,1.2265,1.5927,-0.4328,0.234,0.7936,0.2347,0,216000.0
564,22,F,semi_urbaine,formel,Nord,175000.0,9,0,-0.2377,0.584,0.8485,-0.7994,0.5195,0.5936,0,155000.0
565,31,M,semi_urbaine,informel,Est,144000.0,69,0,0.3313,0.4003,-0.7449,-1.223,0.801,0.1167,0,144000.0
566,25,F,urbaine,informel,Est,75000.0,16,0,-0.1302,-0.7508,-0.3027,2.1118,0.6297,0.3095,0,75000.0
567,26,F,urbaine,informel,Littoral,44000.0,74,0,-1.311,-1.3705,1.1722,0.3252,0.6893,0.5384,0,38000.0
568,19,F,urbaine,informel,Nord,84000.0,13,1,-0.7746,-0.6104,0.0386,-0.8241,0.8401,0.4072,1,83000.0
569,35,M,urbaine,informel,Est,251000.0,14,0,1.1133,2.187,-0.3111,0.4618,0.5864,0.1964,0,251000.0
570,33,M,urbaine,formel,Littoral,223000.0,89,0,0.6402,1.233,1.0097,2.1892,0.515,0.354,0,194000.0
571,21,M,urbaine,informel,Nord-Ouest,168000.0,17,1,-0.5908,0.2745,1.5479,0.6205,0.501,0.6969,1,136000.0
572,28,F,urbaine,formel,Littoral,109000.0,87,1,-1.6059,-0.3764,0.7991,-2.7871,0.385,0.4095,1,97000.0
573,32,F,urbaine,formel,Littoral,240000.0,34,0,0.4551,1.5113,0.9312,2.6523,0.4127,0.2781,0,211000.0
574,27,F,semi_urbaine,formel,Nord-Ouest,75000.0,76,1,-1.0264,-0.7577,-0.0724,-1.5492,0.796,0.3641,1,75000.0
575,21,F,urbaine,formel,Extrême-Nord,62000.0,90,1,-0.2873,-0.9671,-0.15,-0.206,0.2729,0.2698,1,62000.0
576,35,F,urbaine,formel,Sud,122000.0,12,1,-0.5072,0.0411,-0.5733,-1.1334,0.3741,0.1346,1,122000.0
577,22,M,semi_urbaine,informel,Adamaoua,267000.0,32,0,0.275,1.9545,0.8477,-0.44,0.8998,0.3733,0,237000.0
578,24,M,semi_urbaine,formel,Nord,270000.0,55,0,2.0719,2.4979,-0.4225,0.5844,0.5268,0.1882,0,270000.0
579,24,M,semi_urbaine,informel,Sud,96000.0,83,1,-0.4532,-0.4512,0.2239,-1.771,0.7848,0.4008,1,93000.0
580,34,F,semi_urbaine,formel,Extrême-Nord,128000.0,18,0,-0.7851,-0.0742,0.7164,0.2098,0.5824,0.1664,0,116000.0
581,27,F,semi_urbaine,informel,Nord-Ouest,38000.0,18,0,-2.1663,-1.6404,1.8447,1.4473,0.801,0.708,0,30000.0
582,30,M,urbaine,informel,Nord,144000.0,35,0,-1.0908,0.078,1.0582,-0.8432,0.7995,0.5851,0,125000.0
583,34,F,urbaine,formel,Extrême-Nord,213000.0,20,1,-1.0279,0.762,1.8839,-1.3903,0.4479,0.2658,1,166000.0
584,34,F,urbaine,informel,Sud-Ouest,167000.0,26,0,0.6431,0.7896,-0.0543,-0.1393,0.7559,0.2827,0,167000.0
585,33,F,semi_urbaine,informel,Sud,175000.0,13,0,1.1515,0.9107,-1.195,-0.0383,0.715,0.1599,0,175000.0
586,34,M,semi_urbaine,informel,Adamaoua,130000.0,79,0,-0.3464,-0.1974,1.3481,-0.2952,0.6674,0.6369,0,108000.0
587,35,M,urbaine,formel,Nord,189000.0,76,0,1.515,1.156,-0.7,-1.1883,0.359,0.1902,0,189000.0
588,35,F,urbaine,informel,Extrême-Nord,82000.0,14,0,-0.7523,-0.7006,0.319,0.5192,0.4635,0.2871,0,78000.0
589,29,M,urbaine,informel,Est,152000.0,51,0,1.7354,0.537,-1.1286,0.5953,0.7058,0.0666,0,152000.0
590,20,M,urbaine,formel,Nord-Ouest,126000.0,62,0,0.2433,0.0928,-0.8072,-1.0656,0.4602,0.0428,0,126000.0
591,20,M,urbaine,informel,Est,148000.0,60,0,0.9704,0.4595,-0.8732,-0.9273,0.6451,0.2441,0,148000.0
592,32,M,urbaine,formel,Sud,179000.0,94,0,1.3415,0.9785,-0.3402,0.1365,0.4707,0.2343,0,179000.0
593,23,F,semi_urbaine,informel,Ouest,129000.0,61,0,-0.9038,0.0688,0.246,-0.665,0.703,0.4806,0,124000.0
594,32,M,urbaine,formel,Est,210000.0,66,0,0.4903,1.3945,0.1909,0.1787,0.5046,0.1732,0,204000.0
595,34,F,semi_urbaine,formel,Extrême-Nord,74000.0,4,1,-1.4583,-0.9704,1.3361,1.768,0.4819,0.595,1,62000.0
596,29,M,semi_urbaine,informel,Ouest,67000.0,8,0,-2.1523,-1.0649,1.3488,0.2402,0.8597,0.3346,0,56000.0
597,31,M,urbaine,informel,Nord,104000.0,59,0,0.513,-0.2701,-1.0039,-1.2136,0.5915,0.0813,0,104000.0
598,23,M,urbaine,informel,Ouest,40000.0,87,0,-0.3997,-1.4433,1.2599,0.3921,0.7594,0.5522,0,33000.0
599,25,M,semi_urbaine,informel,Adamaoua,107000.0,38,0,-0.7604,-0.4069,0.774,0.1223,0.811,0.5236,0,96000.0
600,35,M,urbaine,formel,Centre,134000.0,62,0,0.5077,0.2254,-0.0026,-0.1502,0.4763,0.4268,0,134000.0
601,32,M,semi_urbaine,formel,Nord-Ouest,238000.0,20,0,1.6119,1.9097,0.0916,0.7753,0.5716,0.204,0,235000.0
602,21,M,urbaine,formel,Sud,171000.0,44,0,0.5382,0.7425,0.2652,0.691,0.3033,0.1707,0,165000.0
603,34,M,semi_urbaine,informel,Centre,182000.0,72,0,0.8448,1.0294,-0.0263,0.3355,0.8279,0.1717,0,182000.0
604,26,F,semi_urbaine,formel,Extrême-Nord,174000.0,63,0,0.636,0.9017,-0.0631,0.2393,0.5962,0.1456,0,174000.0
605,33,M,urbaine,informel,Nord-Ouest,112000.0,11,0,-0.7545,-0.5357,1.8259,2.0635,0.7099,0.8782,0,88000.0
606,27,M,urbaine,formel,Nord-Ouest,164000.0,84,0,1.6818,0.7337,-0.5967,1.2006,0.5362,0.2005,0,164000.0
607,28,F,semi_urbaine,formel,Sud,200000.0,89,0,2.0647,1.3294,-0.9309,1.1335,0.495,0.1869,0,200000.0
608,20,M,urbaine,formel,Nord,228000.0,46,0,1.1764,1.7934,0.0174,0.1312,0.3955,0.1935,0,228000.0
609,24,M,urbaine,formel,Littoral,148000.0,33,0,0.492,0.4677,-1.0192,-1.0057,0.5567,0.0981,0,148000.0
610,31,M,urbaine,formel,Centre,57000.0,51,0,0.2434,-1.0475,-1.6466,1.1274,0.3811,0.0861,0,57000.0
611,33,M,urbaine,informel,Nord,31000.0,77,1,-0.528,-1.7178,0.3005,0.1443,0.7248,0.2625,1,30000.0
612,19,F,semi_urbaine,formel,Extrême-Nord,169000.0,43,0,-1.3335,0.2736,1.5767,-0.2772,0.6405,0.4861,0,136000.0
613,19,M,semi_urbaine,informel,Centre,33000.0,3,0,-1.6351,-2.3379,0.6392,0.0569,0.8888,0.3037,0,30000.0
614,30,F,urbaine,informel,Est,256000.0,7,0,0.2537,1.7951,0.8171,-0.9662,0.6925,0.3698,0,228000.0
615,26,M,semi_urbaine,informel,Sud,156000.0,78,0,1.4162,0.5969,-1.4673,1.3573,0.8142,0.0919,0,156000.0
616,33,M,urbaine,informel,Ouest,95000.0,75,0,-0.7876,-0.6357,1.0536,0.683,0.5776,0.3671,0,82000.0
617,19,F,urbaine,formel,Est,92000.0,74,0,0.6154,-0.5096,0.2025,0.1816,0.5456,0.2797,0,89000.0
618,24,F,urbaine,formel,Littoral,218000.0,13,0,0.9895,1.6281,-0.5406,-0.0428,0.6216,0.1658,0,218000.0
619,18,F,semi_urbaine,formel,Est,93000.0,17,0,-1.1641,-0.5136,0.3125,-0.3807,0.6622,0.2448,0,89000.0
620,30,F,urbaine,informel,Ouest,66000.0,38,1,-1.4065,-1.0182,0.8109,-2.1301,0.7038,0.3172,1,59000.0
621,33,F,urbaine,informel,Nord,74000.0,22,0,-0.9713,-0.7659,-0.4339,-1.4129,0.6279,0.2096,0,74000.0
622,20,F,urbaine,formel,Sud-Ouest,174000.0,37,1,-0.8168,0.7141,0.4366,-0.7426,0.5239,0.2297,1,163000.0
623,23,F,semi_urbaine,informel,Est,202000.0,54,0,-0.7072,0.6208,1.8788,-0.593,0.9085,0.6724,0,157000.0
624,33,F,urbaine,informel,Ouest,204000.0,27,0,0.0602,1.1927,0.4221,0.2894,0.7504,0.5097,0,192000.0
625,18,M,urbaine,informel,Est,183000.0,12,0,0.8768,1.045,-0.2198,0.8115,0.7388,0.1246,0,183000.0
626,35,F,semi_urbaine,informel,Nord,129000.0,39,0,-0.5397,0.0008,0.474,0.1716,0.7578,0.675,0,120000.0
627,33,F,urbaine,informel,Ouest,221000.0,69,0,0.5151,1.0205,1.4621,1.4089,0.5372,0.5677,0,181000.0
628,20,F,urbaine,informel,Extrême-Nord,80000.0,59,0,-0.0745,-0.671,-0.5863,-0.7829,0.6999,0.2174,0,80000.0
629,20,M,urbaine,informel,Extrême-Nord,36000.0,31,1,-2.7526,-1.8209,1.2282,-0.1355,0.748,0.4143,1,30000.0
630,30,F,urbaine,formel,Nord,116000.0,30,0,0.3571,-0.0711,-0.5718,-0.051,0.5313,0.2443,0,116000.0
631,18,M,urbaine,formel,Littoral,114000.0,56,0,-0.0205,-0.2063,0.3654,1.0922,0.6165,0.2599,0,108000.0
632,27,F,semi_urbaine,informel,Nord,83000.0,17,0,0.1003,-0.632,0.0713,0.4059,0.6782,0.2364,0,82000.0
633,19,F,semi_urbaine,informel,Sud,63000.0,80,1,-0.0811,-0.9594,0.1103,0.4336,0.8865,0.2234,1,62000.0
634,27,F,semi_urbaine,formel,Centre,160000.0,83,0,-0.7939,0.1389,1.6407,-1.3548,0.588,0.5039,0,128000.0
635,24,F,semi_urbaine,informel,Centre,157000.0,3,0,0.1276,0.62,-0.7666,-0.5999,0.7123,0.1917,0,157000.0
636,30,M,urbaine,formel,Est,282000.0,93,0,1.2395,2.3153,0.6036,1.096,0.591,0.3423,0,259000.0
637,33,F,urbaine,informel,Centre,41000.0,3,0,-3.2223,-1.7253,2.3861,-2.0753,0.7741,0.7547,0,30000.0
638,26,F,semi_urbaine,formel,Sud-Ouest,88000.0,44,0,-0.4808,-0.6877,0.8131,1.643,0.6377,0.2699,0,79000.0
639,29,M,urbaine,informel,Nord-Ouest,73000.0,64,0,0.7491,-0.7914,-0.6854,0.4997,0.7286,0.1112,0,73000.0
640,28,M,semi_urbaine,informel,Nord,166000.0,32,0,0.5343,0.7657,-0.6138,-0.4475,0.8389,0.1384,0,166000.0
641,35,M,semi_urbaine,formel,Sud-Ouest,144000.0,20,0,-0.1489,0.3951,-0.6123,-0.532,0.6966,0.1715,0,144000.0
642,22,M,urbaine,formel,Centre,117000.0,5,0,-0.1798,-0.1241,0.2743,1.896,0.5819,0.3417,0,113000.0
643,22,M,urbaine,informel,Nord-Ouest,183000.0,70,0,0.8259,0.7167,0.836,1.4114,0.5505,0.5574,0,163000.0
644,24,F,urbaine,formel,Extrême-Nord,213000.0,4,0,1.1951,1.5564,-1.1293,-0.1194,0.712,0.0897,0,213000.0
645,31,M,urbaine,formel,Adamaoua,155000.0,47,0,0.7642,0.5812,-0.7628,0.1346,0.5497,0.1472,0,155000.0
646,33,F,urbaine,informel,Adamaoua,71000.0,38,0,-0.1545,-0.8162,-0.1993,-0.6462,0.561,0.2175,0,71000.0
647,23,F,urbaine,formel,Nord,172000.0,92,0,0.5485,0.8703,-0.109,0.1348,0.3586,0.0799,0,172000.0
648,19,M,semi_urbaine,formel,Centre,187000.0,89,1,-1.7085,0.3667,2.1277,-0.3739,0.7149,0.619,1,142000.0
649,28,M,semi_urbaine,formel,Nord,142000.0,78,0,0.6642,0.359,-0.8219,0.2215,0.5566,0.0941,0,142000.0
650,28,M,semi_urbaine,informel,Littoral,89000.0,70,0,0.8025,-0.5124,-0.3155,2.1103,0.8072,0.1293,0,89000.0
651,24,F,urbaine,formel,Sud,211000.0,52,0,1.3777,1.525,-1.0196,-0.0956,0.5675,0.0719,0,211000.0
652,21,M,urbaine,formel,Littoral,189000.0,34,0,-0.8942,0.8499,0.7215,-1.048,0.4297,0.3613,0,171000.0
653,33,F,urbaine,formel,Est,219000.0,16,0,0.6765,1.6357,0.0141,-1.3664,0.2773,0.1227,0,218000.0
654,33,M,urbaine,formel,Extrême-Nord,236000.0,92,0,1.9267,1.9363,-0.8065,0.1271,0.4484,0.0793,0,236000.0
655,31,M,semi_urbaine,formel,Ouest,184000.0,37,0,0.7031,1.059,-0.2628,-0.4609,0.5,0.3526,0,184000.0
656,28,M,urbaine,formel,Est,126000.0,41,0,0.691,0.0935,-0.6995,0.2466,0.46,0.0526,0,126000.0
657,22,M,urbaine,formel,Nord-Ouest,230000.0,14,0,-0.4495,1.6403,0.362,-1.6195,0.3307,0.2527,0,218000.0
658,25,M,semi_urbaine,formel,Sud-Ouest,261000.0,27,0,-0.7854,1.0657,2.8012,0.9903,0.5843,0.6275,0,184000.0
659,19,F,urbaine,informel,Littoral,326000.0,61,0,0.8048,2.6034,1.2088,-1.0602,0.7899,0.4102,0,276000.0
660,22,F,urbaine,formel,Nord,175000.0,41,0,0.8991,0.9101,0.0204,0.0463,0.567,0.1978,0,175000.0
661,26,F,urbaine,formel,Sud,198000.0,56,0,1.2993,1.2977,-0.5923,-0.3383,0.3634,0.0812,0,198000.0
662,25,M,semi_urbaine,informel,Nord-Ouest,137000.0,21,0,1.2458,0.2904,-0.7062,2.0184,0.6862,0.2157,0,137000.0
663,19,F,semi_urbaine,informel,Ouest,138000.0,8,0,-1.5764,-0.0991,1.3994,0.4715,0.8284,0.7446,0,114000.0
664,35,F,urbaine,informel,Nord-Ouest,125000.0,85,0,-0.0888,-0.2588,1.3136,1.9455,0.6713,0.6654,0,104000.0
665,22,M,semi_urbaine,formel,Ouest,174000.0,42,0,0.5963,0.8942,-0.3294,0.8607,0.6834,0.2726,0,174000.0
666,27,M,semi_urbaine,formel,Ouest,224000.0,35,0,0.752,1.1212,1.3205,1.7254,0.5359,0.281,0,187000.0
667,26,M,semi_urbaine,formel,Sud-Ouest,230000.0,28,0,1.2091,1.7544,0.1494,0.0912,0.6416,0.2123,0,225000.0
668,26,M,urbaine,formel,Littoral,198000.0,63,1,-0.1608,0.9089,0.9032,0.3455,0.6421,0.4485,1,175000.0
669,33,M,urbaine,formel,Sud-Ouest,136000.0,54,0,0.2686,0.1371,0.3814,1.2186,0.4262,0.3932,0,128000.0
670,31,F,semi_urbaine,informel,Nord,107000.0,37,0,-0.0169,-0.3269,0.4402,1.205,0.5866,0.6102,0,100000.0
671,33,M,urbaine,formel,Ouest,77000.0,89,0,0.8985,-0.7229,-0.8697,0.531,0.4259,0.1913,0,77000.0
672,24,M,semi_urbaine,informel,Nord-Ouest,237000.0,86,0,0.229,1.6612,0.5382,-0.0279,0.9185,0.5056,0,220000.0
673,22,M,semi_urbaine,formel,Nord,141000.0,19,1,-1.4177,0.0588,0.9382,0.1412,0.4808,0.7548,1,124000.0
674,25,F,urbaine,formel,Extrême-Nord,214000.0,62,0,1.5705,1.5674,-0.4141,1.1377,0.4704,0.1659,0,214000.0
675,28,M,semi_urbaine,informel,Nord-Ouest,159000.0,92,1,-0.6197,0.2766,1.0918,1.6459,0.7601,0.4524,1,137000.0
676,24,M,semi_urbaine,informel,Extrême-Nord,138000.0,47,0,0.4179,0.3037,-0.4208,-0.2929,0.8097,0.2189,0,138000.0
677,26,M,semi_urbaine,formel,Ouest,169000.0,3,0,-0.4337,0.4826,0.906,-0.4438,0.6296,0.2624,0,149000.0
678,20,F,urbaine,informel,Adamaoua,83000.0,13,0,-1.0076,-0.7878,0.9766,-0.9041,0.8181,0.4799,0,73000.0
679,28,M,semi_urbaine,formel,Ouest,98000.0,64,0,0.6987,-0.3685,-1.0819,1.1297,0.6009,0.0352,0,98000.0
680,30,M,urbaine,formel,Ouest,260000.0,86,0,1.3658,2.3285,-0.1072,-0.9295,0.5839,0.1526,0,260000.0
681,27,M,semi_urbaine,informel,Adamaoua,157000.0,13,1,-0.4912,0.114,1.5866,1.1176,0.7758,0.5887,1,127000.0
682,33,F,semi_urbaine,formel,Nord,224000.0,52,0,1.5175,1.7253,-1.1578,0.8457,0.5062,0.1453,0,224000.0
683,35,M,semi_urbaine,formel,Extrême-Nord,239000.0,48,0,1.9526,1.9849,-0.981,-0.2451,0.4499,0.18,0,239000.0
684,34,M,urbaine,informel,Centre,103000.0,28,0,-0.0404,-0.4108,0.5088,1.5639,0.3913,0.246,0,95000.0
685,19,F,urbaine,formel,Extrême-Nord,242000.0,61,0,-1.3316,1.0235,2.2435,-1.4623,0.551,0.8771,0,181000.0
686,33,M,urbaine,formel,Adamaoua,159000.0,84,0,1.4752,0.645,-0.5422,1.6595,0.6518,0.1546,0,159000.0
687,24,F,urbaine,formel,Nord-Ouest,94000.0,23,0,-0.7268,-0.5572,0.6017,0.3189,0.5322,0.3511,0,87000.0
688,26,M,urbaine,informel,Sud,124000.0,6,1,-1.1987,-0.1855,0.9093,-2.0735,0.7459,0.2401,1,109000.0
689,25,F,urbaine,informel,Adamaoua,156000.0,35,0,0.6023,0.5875,0.0378,1.5919,0.6365,0.2078,0,155000.0
690,23,M,urbaine,formel,Ouest,131000.0,30,0,0.2073,0.101,0.2517,0.9722,0.4529,0.3909,0,126000.0
691,33,M,semi_urbaine,formel,Nord,137000.0,70,0,0.2457,0.2752,-0.3145,-0.1282,0.6665,0.1852,0,137000.0
692,29,M,semi_urbaine,informel,Centre,115000.0,51,0,-0.7667,-0.1734,0.3229,-0.6647,0.9036,0.3442,0,110000.0
693,35,M,urbaine,formel,Extrême-Nord,283000.0,2,0,1.7442,2.7115,-1.5475,-1.5691,0.5689,0.072,0,283000.0
694,35,M,semi_urbaine,informel,Nord-Ouest,33000.0,33,0,-0.9309,-1.834,0.6371,2.7154,0.8078,0.2154,0,30000.0
695,25,F,semi_urbaine,informel,Nord-Ouest,185000.0,70,0,-0.3921,0.5016,1.559,-0.6234,0.7997,0.5854,0,150000.0
696,31,F,urbaine,formel,Nord-Ouest,144000.0,46,0,-0.0396,0.3467,0.1461,-1.2636,0.4431,0.4198,0,141000.0
697,27,M,urbaine,formel,Littoral,138000.0,54,0,-0.8387,-0.0407,1.1624,0.2679,0.3597,0.5983,0,118000.0
698,26,M,semi_urbaine,formel,Extrême-Nord,153000.0,26,0,-0.6425,0.3221,0.6659,-1.3379,0.4278,0.3152,0,139000.0
699,31,F,semi_urbaine,formel,Nord-Ouest,197000.0,31,0,0.1239,1.2674,0.0257,-0.6815,0.4264,0.4161,0,196000.0
700,30,F,semi_urbaine,formel,Ouest,199000.0,13,0,0.6611,1.3245,-0.5118,1.295,0.5805,0.0747,0,199000.0
701,34,M,semi_urbaine,informel,Sud-Ouest,134000.0,8,0,-0.1804,0.186,0.1568,0.7642,0.7152,0.1912,0,131000.0
702,31,M,semi_urbaine,formel,Est,222000.0,4,0,1.4789,1.6927,-1.3935,-0.0864,0.3851,0.1922,0,222000.0
703,29,F,urbaine,informel,Sud-Ouest,207000.0,60,0,0.7704,1.2688,0.3627,0.0183,0.649,0.419,0,196000.0
704,34,F,semi_urbaine,informel,Nord-Ouest,189000.0,15,0,-0.1802,0.8164,0.7885,-0.1425,0.7125,0.3861,0,169000.0
705,19,F,urbaine,formel,Sud,156000.0,55,0,-0.6552,0.0538,1.79,-0.062,0.3729,0.569,0,123000.0
706,31,M,semi_urbaine,formel,Extrême-Nord,203000.0,91,0,0.0165,1.0944,0.6324,-0.4618,0.5204,0.2288,0,186000.0
707,25,F,urbaine,formel,Extrême-Nord,186000.0,67,0,0.9031,1.0992,-0.7794,-0.5802,0.4271,0.1376,0,186000.0
708,25,M,urbaine,informel,Extrême-Nord,71000.0,55,1,0.5384,-0.8156,-0.8168,-0.6107,0.6126,0.1657,0,71000.0
709,32,F,semi_urbaine,formel,Nord-Ouest,62000.0,12,0,-1.478,-0.9694,-0.0731,-0.4259,0.6674,0.2052,0,62000.0
710,22,F,urbaine,informel,Est,36000.0,47,0,-1.7514,-2.0228,1.4075,1.0439,0.4788,0.3943,0,30000.0
711,33,M,semi_urbaine,informel,Ouest,131000.0,85,0,0.0029,0.0699,0.3847,1.0701,0.5267,0.3787,0,124000.0
712,26,M,urbaine,informel,Est,162000.0,37,0,-0.9215,0.298,1.1772,-0.9324,0.6759,0.4358,0,138000.0
713,24,M,semi_urbaine,informel,Extrême-Nord,53000.0,79,1,-1.1252,-1.1818,0.4808,-0.8944,0.8097,0.2389,0,49000.0
714,23,M,semi_urbaine,informel,Sud,221000.0,68,0,0.1523,1.046,1.3844,0.1427,0.8369,0.7322,0,183000.0
715,25,M,urbaine,informel,Nord,129000.0,26,0,1.3095,0.1522,-0.9729,2.1553,0.6218,0.3604,0,129000.0
716,34,M,semi_urbaine,informel,Sud-Ouest,268000.0,14,0,-1.4632,1.3495,2.2337,-0.7277,0.6474,0.8981,0,201000.0
717,19,M,urbaine,informel,Extrême-Nord,142000.0,2,0,-0.0166,0.3705,-0.4677,-0.1612,0.7237,0.2629,0,142000.0
718,27,F,semi_urbaine,informel,Nord,68000.0,27,1,-1.4105,-1.0663,1.443,0.3887,0.7463,0.5348,1,56000.0
719,33,F,semi_urbaine,informel,Ouest,156000.0,32,0,0.2727,0.4583,0.4012,0.1914,0.8671,0.336,0,147000.0
720,26,M,semi_urbaine,informel,Adamaoua,173000.0,63,0,0.9956,0.6701,0.5368,-0.1582,0.7634,0.4321,0,160000.0
721,28,F,urbaine,informel,Sud-Ouest,92000.0,55,0,0.1504,-0.5476,0.3899,1.1551,0.6548,0.2888,0,87000.0
722,24,M,urbaine,informel,Extrême-Nord,38000.0,46,0,-1.5377,-1.4421,0.9325,0.4545,0.8847,0.6526,0,33000.0
723,20,M,semi_urbaine,informel,Centre,147000.0,69,1,-0.1424,0.1003,1.1191,1.1458,0.8078,0.2289,0,126000.0
724,29,F,urbaine,formel,Centre,113000.0,74,0,-0.4745,-0.4008,1.1589,0.5894,0.5029,0.3931,0,96000.0
725,34,M,urbaine,informel,Adamaoua,245000.0,68,0,-0.3816,1.1209,2.0455,0.8939,0.6878,0.7894,0,187000.0
726,27,F,urbaine,informel,Littoral,110000.0,86,0,0.103,-0.4072,0.9806,1.5844,0.7438,0.3487,0,96000.0
727,25,M,urbaine,informel,Nord-Ouest,302000.0,35,0,-0.939,1.7246,2.3563,1.331,0.7133,0.7264,0,223000.0
728,20,F,semi_urbaine,formel,Est,31000.0,79,0,0.2511,-1.5242,0.2279,2.6248,0.6749,0.3233,0,30000.0
729,35,F,urbaine,informel,Sud-Ouest,161000.0,40,0,-0.7625,0.1348,1.7012,1.2173,0.6186,0.8088,0,128000.0
730,33,M,urbaine,informel,Adamaoua,238000.0,18,0,-0.233,1.4294,1.0393,-0.6694,0.5528,0.3013,0,206000.0
731,34,M,semi_urbaine,informel,Sud-Ouest,68000.0,14,0,0.1623,-0.8903,0.1055,1.1473,0.7737,0.1511,0,67000.0
732,24,F,urbaine,informel,Est,125000.0,9,0,-1.0329,-0.1592,0.8532,0.7104,0.8599,0.3101,0,110000.0
733,29,M,semi_urbaine,informel,Ouest,113000.0,91,0,0.1377,-0.403,1.1757,2.2203,0.8628,0.2964,0,96000.0
734,25,M,urbaine,informel,Sud-Ouest,86000.0,17,1,-0.8862,-0.6838,0.6108,-0.9672,0.7148,0.2091,1,79000.0
735,22,F,semi_urbaine,formel,Nord,185000.0,80,0,0.6693,0.8446,0.5589,0.858,0.73,0.2009,0,171000.0
736,21,M,semi_urbaine,informel,Nord-Ouest,52000.0,75,1,-2.1,-1.2954,1.5141,-0.3811,0.7437,0.7508,1,42000.0
737,24,M,semi_urbaine,formel,Centre,151000.0,42,0,0.9385,0.489,0.0949,0.8125,0.5914,0.1975,0,149000.0
738,27,F,urbaine,informel,Adamaoua,151000.0,87,0,1.7832,0.516,-2.2911,-0.2147,0.7639,0.0455,0,151000.0
739,20,M,urbaine,informel,Centre,145000.0,87,0,-1.2959,-0.2151,2.3468,0.4795,0.8425,0.6315,0,107000.0
740,30,M,semi_urbaine,formel,Nord,96000.0,88,0,-0.2608,-0.4002,-0.2019,-1.1103,0.4787,0.2494,0,96000.0
741,26,M,urbaine,formel,Sud,218000.0,48,0,1.4635,1.6302,-0.7434,0.7932,0.3993,0.3008,0,218000.0
742,33,M,urbaine,formel,Littoral,200000.0,29,0,0.8698,1.3303,-0.9909,0.2061,0.6661,0.0616,0,200000.0
743,23,M,urbaine,informel,Sud-Ouest,60000.0,5,0,-0.8584,-1.0412,0.305,0.1522,0.7071,0.5767,0,58000.0
744,18,F,semi_urbaine,informel,Est,43000.0,80,1,-0.0813,-1.2941,0.1222,2.2502,0.925,0.3382,1,42000.0
745,23,M,semi_urbaine,formel,Adamaoua,99000.0,83,0,0.6383,-0.3519,-0.6062,-0.0825,0.654,0.1376,0,99000.0
746,35,F,semi_urbaine,informel,Centre,153000.0,51,0,0.7472,0.5453,-0.03,0.6423,0.7607,0.3128,0,153000.0
747,23,M,semi_urbaine,formel,Sud,189000.0,7,0,0.5809,0.8756,0.6485,0.4003,0.594,0.3818,0,173000.0
748,30,F,urbaine,informel,Sud,235000.0,79,0,-0.9718,0.7901,2.6793,0.198,0.7448,0.9259,0,167000.0
749,33,F,urbaine,formel,Centre,156000.0,29,0,-0.1106,0.2738,0.9344,2.2218,0.5693,0.4633,0,136000.0
750,23,F,urbaine,formel,Extrême-Nord,119000.0,53,1,-1.3314,-0.3247,1.1942,0.0638,0.358,0.5248,1,101000.0
751,29,M,semi_urbaine,formel,Sud,211000.0,63,0,1.8177,1.5188,-0.2696,-0.2673,0.5392,0.1424,0,211000.0
752,21,F,urbaine,informel,Extrême-Nord,97000.0,14,0,-0.1226,-0.5534,0.7637,1.8709,0.7954,0.5476,0,87000.0
753,24,F,semi_urbaine,informel,Ouest,153000.0,6,0,-1.0137,0.1865,1.0848,-0.0077,0.7917,0.3549,0,131000.0
754,23,M,semi_urbaine,informel,Ouest,30000.0,8,0,-0.8154,-1.5499,-0.0063,-1.3052,0.7661,0.2808,0,30000.0
755,30,M,urbaine,informel,Nord-Ouest,89000.0,92,0,0.1261,-0.5698,0.2245,-0.7408,0.7512,0.7175,0,86000.0
756,33,F,urbaine,formel,Nord-Ouest,248000.0,91,0,-0.2716,1.6094,0.9621,-1.2466,0.5379,0.126,0,217000.0
757,22,M,urbaine,formel,Littoral,133000.0,41,0,-1.5817,-0.1163,1.1775,-1.8,0.4358,0.4749,0,113000.0
758,23,F,semi_urbaine,formel,Ouest,211000.0,41,0,0.5742,1.4145,0.1983,-0.063,0.6546,0.2772,0,205000.0
759,32,F,semi_urbaine,informel,Sud,30000.0,39,0,-1.2471,-2.331,-0.5693,0.2298,0.6293,0.1612,0,30000.0
760,26,M,semi_urbaine,formel,Adamaoua,122000.0,34,0,0.5032,0.0406,-0.1963,1.4805,0.4964,0.1681,0,122000.0
761,27,F,urbaine,informel,Ouest,110000.0,52,0,0.8971,-0.1714,-0.805,0.6294,0.6818,0.1585,0,110000.0
762,30,M,urbaine,formel,Ouest,267000.0,34,0,0.8028,2.3425,0.1611,0.5838,0.4294,0.2131,0,261000.0
763,20,M,urbaine,formel,Adamaoua,90000.0,59,0,-0.5643,-0.5691,0.3333,-0.8932,0.3893,0.2959,0,86000.0
764,33,M,urbaine,formel,Extrême-Nord,196000.0,36,0,1.4614,1.271,-0.2069,0.8849,0.3191,0.1445,0,196000.0
765,24,F,urbaine,formel,Est,230000.0,60,0,1.3784,1.6569,0.3111,1.3912,0.3469,0.5482,0,219000.0
766,29,M,urbaine,informel,Nord-Ouest,89000.0,90,1,-0.6414,-0.7215,1.0575,0.3946,0.7028,0.4503,1,77000.0
767,25,M,semi_urbaine,informel,Est,110000.0,20,0,-0.8791,-0.3735,0.8758,0.7225,0.5946,0.5324,0,98000.0
768,31,F,urbaine,formel,Littoral,164000.0,6,0,0.7906,0.7416,-1.1412,-1.2647,0.3017,0.0613,0,164000.0
769,29,F,urbaine,informel,Ouest,33000.0,51,1,-1.0485,-1.4815,0.3319,1.0544,0.426,0.4647,1,31000.0
770,21,F,semi_urbaine,informel,Ouest,108000.0,12,0,-0.3584,-0.4551,1.0792,2.0808,0.8468,0.6014,0,93000.0
771,21,M,urbaine,informel,Centre,261000.0,22,1,-0.6285,1.2761,2.1786,0.323,0.4997,0.7707,1,197000.0
772,33,M,semi_urbaine,informel,Nord-Ouest,160000.0,76,0,0.5779,0.5227,0.3787,-0.2944,0.7532,0.2183,0,151000.0
773,27,F,semi_urbaine,informel,Extrême-Nord,131000.0,40,0,-0.9987,-0.1568,1.2294,0.138,0.8928,0.4146,0,111000.0
774,22,M,semi_urbaine,informel,Centre,156000.0,53,0,-1.0202,0.1131,1.56,-0.1204,0.9092,0.8047,0,127000.0
775,20,M,semi_urbaine,informel,Littoral,165000.0,74,0,-0.2169,0.5809,0.4339,-0.0604,0.6526,0.2559,0,155000.0
776,20,M,urbaine,informel,Littoral,211000.0,13,0,-0.4804,0.7724,1.7978,0.648,0.747,0.7316,0,166000.0
777,34,F,semi_urbaine,informel,Sud-Ouest,110000.0,46,0,-1.3487,-0.5564,1.83,0.5795,0.6393,0.52,0,87000.0
778,35,F,urbaine,formel,Sud-Ouest,301000.0,4,1,0.0592,2.1347,1.4317,1.0039,0.2567,0.6442,1,248000.0
779,25,F,urbaine,informel,Ouest,232000.0,48,0,-0.0707,1.3163,1.0925,0.3709,0.6704,0.3945,0,199000.0
780,21,M,urbaine,informel,Est,234000.0,22,1,-1.6298,0.6773,3.0241,-0.8641,0.8197,0.7584,1,161000.0
781,25,M,urbaine,formel,Ouest,105000.0,87,0,-0.1014,-0.243,-0.507,-0.5007,0.5415,0.1012,0,105000.0
782,20,M,semi_urbaine,informel,Sud,83000.0,25,0,-2.7567,-1.0202,2.7769,-0.2628,0.7642,0.7626,0,59000.0
783,27,F,urbaine,informel,Sud-Ouest,122000.0,20,1,-0.8877,-0.3266,1.4166,-0.1865,0.7413,0.6266,1,100000.0
784,29,F,urbaine,formel,Nord,193000.0,2,0,-0.2298,0.6608,1.3803,1.7947,0.1996,0.496,0,160000.0
785,35,F,urbaine,informel,Adamaoua,31000.0,13,0,-0.3651,-1.7685,0.2828,1.9549,0.5142,0.1974,0,30000.0
786,23,M,semi_urbaine,informel,Est,183000.0,21,1,-0.5388,0.4947,1.4915,1.1366,0.7352,0.5807,1,150000.0
787,21,F,urbaine,informel,Centre,259000.0,22,1,-0.6285,1.2875,2.0708,0.1188,0.7189,0.5443,1,197000.0
788,20,M,semi_urbaine,formel,Sud-Ouest,191000.0,71,0,1.1251,1.1765,-0.9614,-1.0617,0.6299,0.1444,0,191000.0
789,24,M,semi_urbaine,formel,Littoral,115000.0,85,0,0.8992,-0.0761,-0.0422,0.52,0.6057,0.3012,0,115000.0
790,28,F,urbaine,informel,Sud-Ouest,72000.0,82,0,0.9534,-0.7944,-1.5131,-0.79,0.6409,0.085,0,72000.0
791,19,F,semi_urbaine,formel,Extrême-Nord,174000.0,91,0,1.802,0.8999,-0.0457,1.9305,0.6633,0.2354,0,174000.0
792,31,F,urbaine,formel,Sud-Ouest,147000.0,86,0,0.2309,0.4467,-0.7192,-1.6061,0.4842,0.2899,0,147000.0
793,26,M,urbaine,formel,Nord,183000.0,44,0,0.4109,1.043,-0.1224,0.3845,0.477,0.1817,0,183000.0
794,32,M,semi_urbaine,formel,Nord,279000.0,38,0,-1.0863,1.2017,3.0282,-0.5742,0.5228,0.7024,0,192000.0
795,26,F,semi_urbaine,informel,Ouest,252000.0,62,0,-0.1341,1.0919,2.3823,0.2905,0.8226,0.8163,0,186000.0
796,20,F,urbaine,informel,Nord,52000.0,31,0,0.4117,-1.1321,-0.7807,0.6661,0.7935,0.0845,0,52000.0
797,18,M,urbaine,informel,Nord,157000.0,58,0,-0.1843,0.2216,1.1903,1.022,0.673,0.4862,0,133000.0
798,28,F,urbaine,informel,Extrême-Nord,119000.0,95,0,-0.489,-0.3635,1.4297,-0.0607,0.6541,0.4819,0,98000.0
799,27,F,urbaine,formel,Centre,150000.0,19,0,0.7626,0.5014,-0.2191,0.7612,0.5941,0.1281,0,150000.0
800,32,F,semi_urbaine,formel,Centre,216000.0,74,0,0.7718,1.4644,0.2625,-0.3625,0.4212,0.229,0,208000.0
801,33,F,semi_urbaine,formel,Sud,228000.0,89,0,1.11,1.5731,0.4261,0.5455,0.7507,0.407,0,214000.0
802,20,F,semi_urbaine,formel,Extrême-Nord,240000.0,52,0,2.3139,1.9984,-1.2484,1.3022,0.4909,0.1468,0,240000.0
803,23,M,urbaine,formel,Ouest,182000.0,34,0,0.8892,1.0256,-0.9432,0.3321,0.4404,0.1689,0,182000.0
804,21,M,semi_urbaine,formel,Ouest,156000.0,25,0,-0.3172,0.49,0.2785,-0.2293,0.5312,0.3,0,149000.0
805,19,M,semi_urbaine,formel,Extrême-Nord,147000.0,16,0,-0.3736,0.3471,0.2701,0.021,0.8533,0.2294,0,141000.0
806,18,M,semi_urbaine,formel,Nord,52000.0,31,0,-0.5045,-1.1348,-0.5865,1.3157,0.6102,0.0376,0,52000.0
807,19,M,urbaine,informel,Nord-Ouest,200000.0,71,0,0.7191,1.3397,-0.16,-1.0918,0.6718,0.2843,0,200000.0
808,27,F,urbaine,informel,Littoral,109000.0,49,0,-0.7473,-0.3219,0.5354,-0.9443,0.6259,0.1317,0,101000.0
809,20,F,urbaine,informel,Littoral,185000.0,22,0,-0.3079,0.5059,1.5316,0.6016,0.7273,0.3153,0,150000.0
810,21,M,urbaine,informel,Sud,174000.0,52,0,0.4157,0.679,0.5587,-0.4391,0.6761,0.3557,0,161000.0
811,20,F,urbaine,informel,Nord,61000.0,77,0,-1.7748,-1.2453,2.2636,-1.4531,0.7041,0.7678,0,45000.0
812,31,M,urbaine,formel,Nord-Ouest,101000.0,2,0,0.9072,-0.3233,-0.674,1.3508,0.1093,0.1018,0,101000.0
813,29,M,semi_urbaine,informel,Sud,240000.0,2,0,-0.4232,1.547,0.849,-0.7996,0.7794,0.6649,0,213000.0
814,35,F,urbaine,formel,Nord,173000.0,92,0,0.3738,0.8904,-0.2768,-0.1994,0.3875,0.2189,0,173000.0
815,20,M,semi_urbaine,formel,Littoral,135000.0,72,0,-0.0116,0.0194,0.74,-0.3195,0.76,0.3135,0,121000.0
816,21,M,urbaine,formel,Littoral,148000.0,55,0,1.1332,0.4737,-0.65,-0.2977,0.658,0.2586,0,148000.0
817,26,F,semi_urbaine,formel,Nord-Ouest,289000.0,87,1,0.3411,1.6862,2.0442,-0.5846,0.5841,0.8144,1,221000.0
818,29,F,urbaine,formel,Ouest,212000.0,56,0,2.2513,1.5343,-1.5836,0.7143,0.5353,0.0818,0,212000.0
819,20,M,urbaine,informel,Sud,43000.0,50,1,-2.8235,-1.4661,2.3344,0.1108,0.5945,0.6538,1,32000.0
820,21,M,semi_urbaine,informel,Adamaoua,243000.0,21,0,0.8167,1.6343,0.7636,1.2837,0.868,0.3446,0,218000.0
821,25,F,semi_urbaine,informel,Adamaoua,210000.0,78,1,0.1264,0.9661,1.2017,-0.3092,0.7466,0.3129,0,178000.0
822,18,M,urbaine,informel,Ouest,143000.0,73,0,0.0242,-0.1525,1.9546,2.133,0.6005,0.6756,0,111000.0
823,25,F,urbaine,informel,Littoral,59000.0,29,0,-1.6675,-1.1917,1.4901,-1.9046,0.6624,0.4283,0,48000.0
824,31,M,semi_urbaine,formel,Nord-Ouest,219000.0,71,0,1.3611,1.654,-0.5851,-1.2851,0.7245,0.1167,0,219000.0
825,27,M,semi_urbaine,informel,Extrême-Nord,177000.0,70,0,0.0762,0.4764,1.2602,2.0531,0.8007,0.5721,0,149000.0
826,25,F,urbaine,informel,Nord,45000.0,10,1,-2.7201,-1.4578,2.5314,0.474,0.8198,0.522,1,33000.0
827,26,M,urbaine,formel,Sud,142000.0,16,0,0.8272,0.3679,-0.8137,0.3414,0.3679,0.0578,0,142000.0
828,35,M,urbaine,formel,Littoral,458000.0,57,0,0.6154,3.7262,2.2213,0.4313,0.5143,0.5975,0,344000.0
829,27,M,semi_urbaine,informel,Nord-Ouest,140000.0,60,0,0.2931,0.0165,1.0309,0.8712,0.7259,0.4741,0,121000.0
830,27,F,urbaine,informel,Nord-Ouest,78000.0,63,1,-0.9177,-0.742,0.2053,0.2998,0.6927,0.2476,1,75000.0
831,34,F,urbaine,informel,Ouest,59000.0,36,0,-0.5037,-1.0085,-0.2653,-0.9659,0.6399,0.1976,0,59000.0
832,20,F,semi_urbaine,informel,Sud-Ouest,242000.0,80,1,1.3664,1.7721,0.4499,1.1182,0.8658,0.2653,1,226000.0
833,19,F,urbaine,formel,Nord,207000.0,43,0,2.019,1.4478,-1.8457,0.6607,0.5479,0.0212,0,207000.0
834,26,F,urbaine,informel,Centre,211000.0,20,0,0.6038,1.4074,0.2027,1.4284,0.5899,0.2426,0,204000.0
835,23,M,urbaine,formel,Littoral,171000.0,11,0,0.1482,0.8482,-0.1445,1.7642,0.5923,0.1739,0,171000.0
836,21,M,urbaine,formel,Est,231000.0,84,0,1.7216,1.854,-0.9336,0.3305,0.7039,0.089,0,231000.0
837,20,M,urbaine,informel,Sud-Ouest,83000.0,68,0,-1.6778,-0.8483,1.3789,-1.2275,0.6551,0.5764,0,69000.0
838,33,F,urbaine,formel,Littoral,166000.0,44,0,1.4625,0.7626,-0.1765,1.7725,0.2112,0.2301,0,166000.0
839,29,F,semi_urbaine,informel,Centre,138000.0,20,0,-0.4873,0.2871,0.0272,-0.7181,0.815,0.3621,0,137000.0
840,30,M,semi_urbaine,formel,Nord,239000.0,10,0,1.365,1.9824,-0.2186,0.638,0.5336,0.1327,0,239000.0
841,20,F,urbaine,informel,Est,160000.0,15,1,-1.1255,0.3188,0.996,-0.2567,0.7043,0.2594,1,139000.0
842,24,M,urbaine,informel,Nord,91000.0,11,0,-0.9097,-0.6255,0.7224,-0.4306,0.7461,0.6018,0,82000.0
843,29,M,urbaine,informel,Est,124000.0,51,0,-0.4358,0.0641,-0.081,0.7643,0.5999,0.3012,0,124000.0
844,27,F,semi_urbaine,informel,Sud-Ouest,34000.0,19,0,-0.589,-1.6764,0.7781,0.5445,0.7623,0.2947,0,30000.0
845,30,F,urbaine,informel,Nord-Ouest,33000.0,13,0,-1.6649,-2.321,0.5761,0.5132,0.6341,0.4219,0,30000.0
846,30,F,semi_urbaine,informel,Nord-Ouest,170000.0,27,0,-0.5196,0.8313,-0.4647,-0.5157,0.8738,0.3149,0,170000.0
847,25,F,urbaine,informel,Centre,103000.0,67,0,-0.5688,-0.3747,0.3487,-0.1741,0.686,0.5869,0,98000.0
848,32,F,semi_urbaine,informel,Centre,123000.0,48,1,-1.2796,-0.2614,1.2046,-0.4695,0.6261,0.5583,1,104000.0
849,22,M,urbaine,formel,Est,226000.0,15,0,-0.0673,1.4309,0.6416,-0.1991,0.3472,0.4783,0,206000.0
850,19,M,semi_urbaine,formel,Est,240000.0,72,0,1.2394,1.997,-0.0947,0.1812,0.6762,0.108,0,240000.0
851,34,M,urbaine,formel,Littoral,209000.0,47,0,0.521,1.1345,0.7306,1.8443,0.2693,0.3398,0,188000.0
852,18,M,semi_urbaine,formel,Extrême-Nord,272000.0,18,0,1.4706,2.5281,-0.884,0.0406,0.4797,0.0914,0,272000.0
853,23,M,urbaine,formel,Est,186000.0,66,0,0.189,1.1027,-0.8365,-2.1256,0.5624,0.1362,0,186000.0
854,20,F,semi_urbaine,formel,Est,174000.0,95,0,1.6737,0.9022,-0.106,1.6951,0.7262,0.3944,0,174000.0
855,22,F,semi_urbaine,informel,Ouest,178000.0,52,0,-0.4422,0.2404,2.1541,0.7493,0.7829,0.7481,0,134000.0
856,25,M,semi_urbaine,formel,Adamaoua,82000.0,16,0,-0.7392,-0.6855,0.293,0.169,0.6487,0.1681,0,79000.0
857,20,F,urbaine,informel,Extrême-Nord,187000.0,30,0,0.0862,0.956,0.3719,-0.4372,0.7364,0.1941,0,177000.0
858,26,F,urbaine,formel,Est,37000.0,57,1,-2.5805,-1.8455,1.6509,-0.9469,0.5336,0.7637,1,30000.0
859,34,M,urbaine,informel,Littoral,89000.0,95,0,0.4008,-0.5863,0.3497,1.938,0.6833,0.4069,0,85000.0
860,20,M,urbaine,formel,Extrême-Nord,211000.0,89,0,-0.6469,0.6229,2.2786,0.0518,0.2193,0.7349,0,157000.0
861,34,M,urbaine,informel,Centre,74000.0,89,1,-0.8045,-0.7898,0.1059,-1.7378,0.5857,0.2477,1,73000.0
862,25,M,semi_urbaine,formel,Nord,129000.0,80,0,1.1663,0.1482,-0.877,0.6277,0.6738,0.1269,0,129000.0
863,28,F,semi_urbaine,informel,Centre,247000.0,55,0,1.3459,1.8394,0.4822,1.5062,0.743,0.239,0,230000.0
864,25,M,urbaine,formel,Sud-Ouest,222000.0,62,0,0.8022,1.704,-0.1548,0.1564,0.4712,0.2302,0,222000.0
865,23,M,semi_urbaine,informel,Adamaoua,79000.0,70,0,0.1307,-0.6858,-0.1359,-0.6016,0.8592,0.1386,0,79000.0
866,19,M,semi_urbaine,formel,Extrême-Nord,180000.0,68,0,-1.6923,0.1304,2.7359,-0.6911,0.6698,0.7205,0,128000.0
867,28,M,semi_urbaine,informel,Nord,50000.0,61,1,-0.751,-1.277,0.9952,-0.6173,0.8829,0.3799,1,43000.0
868,34,M,urbaine,formel,Sud-Ouest,215000.0,13,0,0.7978,1.305,0.5707,1.5217,0.5325,0.0606,0,198000.0
869,27,F,urbaine,informel,Nord,108000.0,84,0,0.7055,-0.2497,0.1691,-0.0717,0.6549,0.2581,0,105000.0
870,28,F,semi_urbaine,informel,Nord-Ouest,30000.0,1,0,-1.3389,-1.9665,0.0749,-1.3787,0.7627,0.1866,0,30000.0
871,29,F,urbaine,formel,Ouest,188000.0,41,0,-0.0618,0.7008,1.0567,0.3841,0.1555,0.3834,0,162000.0
872,24,F,urbaine,formel,Centre,182000.0,42,0,1.2974,1.039,-1.5889,0.141,0.4346,0.0613,0,182000.0
873,20,F,semi_urbaine,formel,Sud,214000.0,95,0,1.4926,1.5631,-1.045,-0.1489,0.4892,0.2351,0,214000.0
874,27,F,semi_urbaine,formel,Adamaoua,152000.0,9,0,0.1381,0.5266,-0.1223,-0.7204,0.625,0.2267,0,152000.0
875,33,M,semi_urbaine,informel,Sud-Ouest,127000.0,46,1,-1.5525,-0.3727,2.0039,-0.7639,0.7643,0.7318,1,98000.0
876,23,M,semi_urbaine,formel,Ouest,275000.0,34,0,1.6929,2.5863,-0.2331,1.3866,0.7071,0.2293,0,275000.0
877,33,M,urbaine,formel,Centre,169000.0,10,0,0.1936,0.6066,0.531,0.2475,0.574,0.4258,0,156000.0
878,33,M,urbaine,informel,Est,179000.0,22,0,0.0378,0.7196,0.6516,0.4786,0.6194,0.4648,0,163000.0
879,22,M,urbaine,formel,Nord-Ouest,150000.0,41,0,-0.4625,0.0605,1.4466,0.2448,0.7515,0.5426,0,124000.0
880,28,M,urbaine,formel,Littoral,197000.0,88,0,1.6146,1.2899,-1.4906,0.3277,0.4708,0.0984,0,197000.0
881,31,F,urbaine,informel,Centre,39000.0,37,0,-1.3912,-1.4556,1.3315,-0.4684,0.4779,0.2214,0,33000.0
882,26,M,semi_urbaine,informel,Littoral,98000.0,84,0,-0.0557,-0.4621,0.4493,0.0942,0.7412,0.6588,0,92000.0
883,30,F,urbaine,informel,Nord,59000.0,70,0,-0.6275,-1.2083,1.5453,1.1649,0.602,0.7932,0,48000.0
884,34,F,semi_urbaine,informel,Adamaoua,84000.0,78,0,0.8532,-0.605,-0.16,1.7146,0.7962,0.2662,0,84000.0
885,29,M,urbaine,informel,Littoral,214000.0,82,0,0.1411,1.2505,0.6324,-1.2221,0.5398,0.2178,0,195000.0
886,33,M,urbaine,formel,Adamaoua,119000.0,68,1,0.0475,-0.0123,-0.0293,-0.2083,0.3661,0.3543,1,119000.0
887,32,F,urbaine,informel,Centre,163000.0,70,0,1.6782,0.7183,-0.3802,0.8393,0.6113,0.147,0,163000.0
888,32,F,urbaine,informel,Nord-Ouest,211000.0,15,1,1.5171,1.5173,-0.6651,1.8821,0.5767,0.2178,0,211000.0
889,33,F,semi_urbaine,informel,Ouest,120000.0,69,0,0.9926,-0.0276,0.0833,2.082,0.8184,0.1551,0,118000.0
890,22,F,urbaine,formel,Est,224000.0,5,1,0.1186,1.5938,0.2442,-0.7958,0.5713,0.5636,1,216000.0
891,18,F,urbaine,formel,Sud-Ouest,188000.0,71,0,0.873,1.1311,-0.624,1.275,0.6645,0.0614,0,188000.0
892,20,M,semi_urbaine,informel,Ouest,133000.0,63,0,-0.3398,0.1164,0.3293,0.3586,0.797,0.3402,0,127000.0
893,22,M,urbaine,informel,Ouest,165000.0,72,0,1.779,0.7503,-1.2232,1.0444,0.8127,0.0331,0,165000.0
894,30,M,urbaine,informel,Adamaoua,238000.0,62,0,1.4681,1.8399,0.2253,0.7883,0.4795,0.3053,0,230000.0
895,27,M,urbaine,informel,Sud-Ouest,102000.0,36,1,-1.5816,-0.6373,1.6239,-1.264,0.5015,0.5514,1,82000.0
896,26,M,urbaine,informel,Nord,75000.0,36,0,-0.7596,-0.9592,1.3115,0.55,0.5316,0.7032,0,62000.0
897,18,M,semi_urbaine,formel,Nord-Ouest,96000.0,57,0,0.371,-0.4179,0.0469,1.3057,0.6692,0.1805,0,95000.0
898,30,F,urbaine,formel,Sud,227000.0,45,0,0.3809,1.5944,0.3586,-0.0202,0.5747,0.427,0,216000.0
899,24,F,urbaine,formel,Extrême-Nord,224000.0,33,0,1.4695,1.7294,-0.748,-0.2463,0.4011,0.0699,0,224000.0
900,31,M,urbaine,formel,Sud-Ouest,155000.0,47,0,-1.3599,0.063,1.6966,-1.5717,0.3608,0.5144,0,124000.0
901,20,F,urbaine,formel,Centre,40000.0,51,0,-2.0706,-1.536,2.164,0.6836,0.4813,0.6202,0,30000.0
902,23,F,urbaine,informel,Centre,89000.0,23,0,-0.7313,-0.6748,0.8156,0.2087,0.7539,0.5079,0,80000.0
903,18,F,semi_urbaine,informel,Centre,227000.0,61,0,-1.6933,0.5479,3.2499,-0.6222,0.796,0.8953,0,153000.0
904,23,M,urbaine,informel,Sud,116000.0,30,0,-0.3888,-0.0667,-0.0526,-0.3258,0.638,0.3511,0,116000.0
905,34,F,semi_urbaine,formel,Sud,167000.0,26,0,1.1045,0.7803,-1.1759,0.4545,0.3761,0.0999,0,167000.0
906,26,M,urbaine,informel,Nord-Ouest,89000.0,40,0,0.1018,-0.5233,-0.0876,-0.5586,0.61,0.3358,0,89000.0
907,25,F,urbaine,informel,Adamaoua,193000.0,10,0,0.5918,1.0141,0.4395,0.0027,0.795,0.2417,0,181000.0
908,22,F,urbaine,informel,Littoral,203000.0,58,1,-1.9435,0.3432,2.9548,-1.7499,0.7134,0.869,1,141000.0
909,22,F,semi_urbaine,informel,Est,164000.0,70,0,0.7806,0.5865,0.3688,1.6494,0.7496,0.5737,0,155000.0
910,30,F,semi_urbaine,informel,Est,130000.0,91,0,0.0739,0.1591,-0.1876,0.3159,0.8603,0.1019,0,130000.0
911,35,M,urbaine,informel,Extrême-Nord,151000.0,27,0,0.659,0.5244,-0.2914,-1.0994,0.5351,0.2751,0,151000.0
912,31,F,urbaine,informel,Sud,187000.0,52,1,-1.1309,0.4586,1.7964,-2.4597,0.7819,0.7355,1,148000.0
913,31,F,semi_urbaine,informel,Littoral,80000.0,48,1,-0.7943,-0.9281,1.6706,1.3291,0.8663,0.799,1,64000.0
914,26,M,urbaine,formel,Littoral,178000.0,70,0,0.2798,0.9731,-0.3924,0.5581,0.4654,0.2284,0,178000.0
915,19,M,urbaine,formel,Centre,203000.0,60,0,2.0226,1.3915,-1.8086,0.2107,0.3357,0.0538,0,203000.0
916,31,F,urbaine,formel,Extrême-Nord,225000.0,77,0,1.9653,1.7551,-0.9901,0.8636,0.6924,0.1264,0,225000.0
917,32,M,semi_urbaine,informel,Sud-Ouest,197000.0,81,0,-0.3716,0.4161,2.3793,1.1609,0.7903,0.6683,0,145000.0
918,27,M,semi_urbaine,informel,Littoral,75000.0,11,1,-1.5207,-0.9653,1.3403,0.4944,0.7573,0.4934,1,62000.0
919,19,F,urbaine,informel,Littoral,79000.0,34,0,-1.0781,-0.8113,0.7273,-0.2542,0.8092,0.2411,0,71000.0
920,30,M,semi_urbaine,formel,Centre,169000.0,63,0,-0.7936,0.1649,2.0003,-0.1171,0.6573,0.801,0,130000.0
921,34,M,urbaine,formel,Extrême-Nord,219000.0,52,1,-0.9036,0.7895,2.0694,0.4209,0.5553,0.6969,1,167000.0
922,22,M,urbaine,informel,Extrême-Nord,123000.0,46,0,-0.1807,-0.1222,0.5902,1.397,0.6308,0.2653,0,113000.0
923,20,F,urbaine,formel,Extrême-Nord,90000.0,17,0,-0.446,-0.5237,0.092,-0.1029,0.548,0.2584,0,89000.0
924,31,F,urbaine,informel,Littoral,52000.0,55,0,0.385,-1.1297,0.0166,1.4765,0.4934,0.4281,0,52000.0
925,23,F,urbaine,formel,Centre,30000.0,71,1,-0.1265,-1.4985,-0.1714,0.3732,0.5662,0.2976,1,30000.0
926,30,M,urbaine,informel,Littoral,30000.0,4,0,-0.8927,-3.1195,-0.8577,0.3807,0.643,0.0888,0,30000.0
927,30,M,urbaine,informel,Nord-Ouest,112000.0,57,0,1.2772,-0.1318,-0.855,2.4051,0.6771,0.0253,0,112000.0
928,22,F,semi_urbaine,informel,Nord-Ouest,259000.0,87,0,3.2828,2.3202,-1.0624,1.9527,0.8011,0.152,0,259000.0
929,18,F,urbaine,formel,Ouest,311000.0,55,0,0.5412,2.3968,1.1831,1.6786,0.4936,0.317,0,264000.0
930,28,M,urbaine,informel,Centre,61000.0,91,0,0.826,-0.9782,-0.9498,-0.7976,0.5579,0.1852,0,61000.0
931,25,M,semi_urbaine,informel,Nord,180000.0,34,0,-0.0144,0.1499,2.6207,2.4922,0.8534,0.8731,0,129000.0
932,33,M,semi_urbaine,informel,Adamaoua,32000.0,1,1,-0.7688,-1.4646,-0.0577,0.2178,0.8635,0.4052,1,32000.0
933,24,F,semi_urbaine,informel,Littoral,56000.0,65,1,-1.6772,-1.3121,2.3882,0.0725,0.7543,0.8999,1,41000.0
934,22,M,semi_urbaine,formel,Nord-Ouest,84000.0,21,1,-0.8811,-0.5975,-0.2252,-1.8592,0.6992,0.3185,1,84000.0
935,33,F,semi_urbaine,informel,Sud-Ouest,106000.0,1,0,0.2921,-0.2255,-0.9085,0.6263,0.7885,0.3169,0,106000.0
936,31,M,urbaine,formel,Littoral,175000.0,18,0,-1.2796,0.4175,1.3675,-1.0834,0.4184,0.681,0,145000.0
937,29,F,urbaine,formel,Est,209000.0,89,1,-0.0227,0.8527,1.4545,0.4083,0.2631,0.7086,1,171000.0
938,35,F,semi_urbaine,informel,Sud,160000.0,75,0,0.6719,0.6632,-0.2872,-0.8616,0.5945,0.217,0,160000.0
939,32,F,urbaine,informel,Extrême-Nord,104000.0,27,0,0.2556,-0.3369,0.2755,1.7977,0.5356,0.1786,0,100000.0
940,33,M,urbaine,formel,Centre,158000.0,57,0,1.8355,0.6362,-0.8684,0.5516,0.187,0.3561,0,158000.0
941,32,M,urbaine,formel,Nord,90000.0,33,0,0.4039,-0.4938,-0.0038,2.2799,0.5835,0.22,0,90000.0
942,25,F,urbaine,formel,Extrême-Nord,78000.0,17,1,-1.5164,-0.7445,0.2104,-1.023,0.5126,0.4077,1,75000.0
943,19,M,urbaine,formel,Extrême-Nord,66000.0,94,0,1.0339,-0.899,-0.2488,1.5492,0.5129,0.1354,0,66000.0
944,28,F,urbaine,informel,Centre,159000.0,78,0,0.3325,0.6492,-1.24,-1.8027,0.3945,0.1769,0,159000.0
945,31,F,semi_urbaine,formel,Extrême-Nord,136000.0,35,0,0.36,0.2621,-0.5121,0.5081,0.3441,0.0381,0,136000.0
946,35,F,semi_urbaine,informel,Est,36000.0,34,1,-1.8655,-1.8711,1.351,-0.3316,0.7373,0.4924,1,30000.0
947,30,M,urbaine,formel,Nord-Ouest,152000.0,78,0,0.5692,0.5369,-0.0759,-0.448,0.6649,0.1935,0,152000.0
948,28,F,semi_urbaine,formel,Ouest,81000.0,44,0,-0.784,-0.6488,-0.2266,-0.2165,0.5043,0.2268,0,81000.0
949,28,M,urbaine,informel,Est,220000.0,36,0,0.488,1.6604,-0.2808,-0.9147,0.75,0.3522,0,220000.0
950,20,F,semi_urbaine,formel,Extrême-Nord,121000.0,37,0,-0.5418,0.0212,-0.4906,-0.9597,0.5971,0.0833,0,121000.0
951,18,F,semi_urbaine,formel,Centre,242000.0,43,0,-0.0444,1.2815,1.5438,-0.1424,0.6743,0.619,0,197000.0
952,18,F,urbaine,informel,Littoral,185000.0,50,0,1.3817,1.089,-0.4732,0.116,0.833,0.3341,0,185000.0
953,34,M,semi_urbaine,informel,Est,76000.0,4,0,-1.5573,-0.9549,1.3628,1.4637,0.7097,0.8367,0,63000.0
954,32,F,semi_urbaine,informel,Ouest,137000.0,46,0,0.1938,0.076,0.6845,0.5954,0.6875,0.51,0,125000.0
955,22,M,semi_urbaine,formel,Centre,201000.0,42,0,1.1584,1.1535,0.4012,1.4665,0.7817,0.2289,0,189000.0
956,25,M,semi_urbaine,informel,Sud-Ouest,127000.0,27,0,-0.5715,0.1155,-0.0723,-1.1782,0.8005,0.1385,0,127000.0
957,26,F,urbaine,informel,Sud,148000.0,34,0,-0.8756,0.3611,0.3047,-0.433,0.7823,0.5919,0,142000.0
958,22,M,urbaine,informel,Sud,44000.0,41,0,-1.2639,-1.3296,0.6199,0.711,0.6281,0.5001,0,40000.0
959,25,M,semi_urbaine,formel,Extrême-Nord,189000.0,35,0,0.7823,1.154,-0.368,0.6432,0.7631,0.1619,0,189000.0
960,24,F,semi_urbaine,formel,Est,136000.0,87,0,0.4429,0.1138,0.4622,-0.5612,0.654,0.1352,0,127000.0
961,30,F,semi_urbaine,formel,Nord-Ouest,192000.0,51,0,0.5467,0.9495,0.5827,1.2341,0.6265,0.2085,0,177000.0
962,31,F,urbaine,formel,Centre,283000.0,48,1,-1.0167,1.52,2.2594,-0.5313,0.4335,0.7526,1,211000.0
963,19,M,urbaine,informel,Centre,182000.0,25,0,-0.465,0.6688,0.9124,-0.7774,0.6713,0.5084,0,160000.0
964,26,F,urbaine,formel,Centre,177000.0,88,0,1.5611,0.9487,-1.8206,0.4869,0.4582,0.0162,0,177000.0
965,35,M,semi_urbaine,formel,Nord,231000.0,3,0,-0.0387,1.2421,1.2586,0.3062,0.478,0.5529,0,195000.0
966,33,M,urbaine,formel,Nord,197000.0,53,0,0.3151,1.2884,-0.0999,-0.5229,0.5199,0.0886,0,197000.0
967,32,M,semi_urbaine,informel,Est,293000.0,17,1,-1.3104,1.4955,2.6594,-0.2569,0.7373,0.9008,1,210000.0
968,31,F,semi_urbaine,formel,Nord,190000.0,74,1,-0.5231,0.5659,1.5473,-0.7698,0.3819,0.5542,1,154000.0
969,18,M,urbaine,formel,Centre,166000.0,36,0,1.1535,0.764,-0.4407,-0.3957,0.3231,0.1219,0,166000.0
970,35,F,urbaine,formel,Adamaoua,236000.0,28,0,1.4071,1.5321,0.7637,1.1,0.2092,0.4954,0,212000.0
971,31,F,urbaine,informel,Ouest,91000.0,6,0,-0.8064,-0.4904,0.0472,0.2446,0.7059,0.3218,0,91000.0
972,33,F,semi_urbaine,formel,Est,77000.0,76,0,-0.0779,-0.7353,0.0841,1.2586,0.4072,0.3943,0,76000.0
973,34,F,semi_urbaine,informel,Nord-Ouest,179000.0,38,0,-0.1225,0.4932,1.3303,0.8161,0.7715,0.5611,0,150000.0
974,22,F,urbaine,formel,Adamaoua,170000.0,26,1,-0.3718,0.394,1.2147,-0.6122,0.5087,0.4692,1,144000.0
975,18,F,urbaine,formel,Adamaoua,96000.0,81,1,-1.9618,-0.6075,0.9986,-1.6491,0.5169,0.3607,1,84000.0
976,29,F,urbaine,formel,Littoral,191000.0,2,0,0.0068,1.1005,0.1726,-0.9269,0.4881,0.2715,0,186000.0
977,26,F,urbaine,formel,Extrême-Nord,335000.0,45,0,-0.8056,2.0311,2.5791,-0.6712,0.4781,0.8849,0,242000.0
978,18,M,semi_urbaine,formel,Sud-Ouest,58000.0,16,0,-1.3568,-1.0297,-0.2966,-0.4486,0.3419,0.1337,0,58000.0
979,22,F,semi_urbaine,informel,Extrême-Nord,181000.0,13,0,0.8525,1.0223,-0.9499,1.281,0.7867,0.1875,0,181000.0
980,35,M,urbaine,informel,Nord-Ouest,30000.0,3,0,-1.0431,-2.5371,-0.7835,0.9706,0.6561,0.0968,0,30000.0
981,24,M,semi_urbaine,formel,Sud,164000.0,18,0,-0.2375,0.1997,1.6318,2.5119,0.7892,0.2551,0,132000.0
982,22,M,urbaine,formel,Nord,269000.0,90,0,1.7031,2.4405,0.0618,-0.7637,0.6921,0.246,0,266000.0
983,29,M,semi_urbaine,informel,Est,112000.0,43,0,0.0566,-0.3283,0.786,1.8974,0.6345,0.4824,0,100000.0
984,29,M,urbaine,formel,Extrême-Nord,161000.0,95,0,1.788,0.6899,-0.4642,1.5913,0.3914,0.1438,0,161000.0
985,23,M,semi_urbaine,formel,Adamaoua,202000.0,26,0,0.8905,1.3629,-0.3651,0.0677,0.4379,0.074,0,202000.0
986,33,M,semi_urbaine,formel,Ouest,53000.0,73,0,-0.0504,-1.1165,-0.6425,0.7736,0.7231,0.155,0,53000.0
987,28,M,urbaine,formel,Adamaoua,174000.0,9,0,0.1227,0.6721,0.5847,1.2407,0.5679,0.3512,0,160000.0
988,20,F,semi_urbaine,informel,Nord,134000.0,11,1,-0.1689,0.0642,0.572,0.2411,0.8467,0.2653,1,124000.0
989,23,F,semi_urbaine,informel,Sud-Ouest,270000.0,2,0,0.5291,1.8623,1.099,0.1636,0.82,0.3051,0,232000.0
990,33,M,urbaine,informel,Adamaoua,53000.0,86,0,-1.2361,-1.2357,0.9928,-0.6273,0.7668,0.4359,0,46000.0
991,19,F,urbaine,informel,Nord,101000.0,64,0,-1.256,-0.3815,0.2397,-2.36,0.8281,0.4031,0,97000.0
992,18,M,semi_urbaine,formel,Ouest,100000.0,71,0,1.0114,-0.3284,-1.3023,0.3705,0.7823,0.0978,0,100000.0
993,29,F,urbaine,formel,Est,94000.0,89,0,0.8767,-0.4344,-1.4477,-0.7099,0.4904,0.0418,0,94000.0
994,25,F,urbaine,formel,Est,328000.0,32,0,-0.869,1.7274,3.1114,-1.0753,0.4236,0.8295,0,224000.0
995,22,M,urbaine,formel,Nord,195000.0,69,1,-0.5712,0.6267,1.5955,0.4222,0.5867,0.6611,1,158000.0
996,26,M,semi_urbaine,formel,Nord,150000.0,48,0,-1.4092,0.0444,1.4799,-1.1513,0.6988,0.3381,0,123000.0
997,21,M,urbaine,formel,Ouest,125000.0,52,0,0.9675,0.0822,-0.5794,0.8061,0.4762,0.1439,0,125000.0
998,24,F,urbaine,informel,Centre,94000.0,63,1,-0.5602,-0.5632,0.6398,0.4836,0.6512,0.5938,0,86000.0
999,22,M,semi_urbaine,formel,Sud,128000.0,45,0,0.295,0.1262,-0.6641,-0.1002,0.7565,0.0652,0,128000.0
1000,28,M,urbaine,formel,Ouest,80000.0,3,0,0.5515,-0.6644,-1.183,-0.0633,0.6454,0.1582,0,80000.0
1001,30,M,semi_urbaine,informel,Adamaoua,105000.0,8,0,-1.1303,-0.2587,0.0503,-0.8902,0.6954,0.5042,0,104000.0
1002,34,M,urbaine,formel,Littoral,163000.0,48,0,0.2945,0.2408,1.3987,0.7503,0.3624,0.4565,0,134000.0
1003,19,M,semi_urbaine,informel,Extrême-Nord,91000.0,55,0,-1.3077,-0.7578,1.5109,0.4874,0.851,0.5384,0,75000.0
1004,23,M,semi_urbaine,formel,Sud,165000.0,70,1,1.5568,0.755,-0.8331,0.5618,0.685,0.1931,1,165000.0
1005,22,F,urbaine,informel,Extrême-Nord,141000.0,55,1,0.1327,0.2399,0.3146,0.5019,0.6469,0.3039,1,134000.0
1006,28,M,semi_urbaine,formel,Littoral,139000.0,18,0,-0.666,0.0434,0.9066,-0.3424,0.7872,0.1306,0,123000.0
1007,27,M,urbaine,informel,Sud-Ouest,113000.0,35,0,-0.7095,-0.1441,0.0717,-1.5191,0.7132,0.27,0,111000.0
1008,33,M,urbaine,formel,Extrême-Nord,293000.0,43,0,1.9876,2.7586,0.1729,0.9573,0.4665,0.2969,0,286000.0
1009,34,M,urbaine,formel,Nord,305000.0,94,0,1.549,2.7204,0.5238,0.6887,0.6097,0.405,0,283000.0
1010,31,M,semi_urbaine,informel,Adamaoua,66000.0,51,0,-1.4084,-1.0541,1.0348,-0.2354,0.7195,0.355,0,57000.0
1011,21,F,urbaine,formel,Sud,106000.0,61,0,0.5106,-0.3144,0.3519,0.4091,0.4889,0.2414,0,101000.0
1012,18,M,urbaine,formel,Nord,92000.0,70,0,0.6574,-0.4594,-0.5794,1.258,0.3713,0.2252,0,92000.0
1013,34,F,urbaine,informel,Centre,185000.0,35,0,0.5884,1.0571,0.0678,1.1387,0.594,0.2739,0,183000.0
1014,34,F,urbaine,formel,Littoral,132000.0,92,0,0.3571,0.2015,-1.0866,-0.5646,0.2354,0.0393,0,132000.0
1015,22,M,urbaine,informel,Sud-Ouest,134000.0,65,0,1.0375,0.2397,-0.9062,-1.4888,0.7757,0.2548,0,134000.0
1016,18,M,urbaine,informel,Sud-Ouest,259000.0,81,0,0.3971,1.997,0.5393,-1.3172,0.7703,0.3445,0,240000.0
1017,30,F,urbaine,formel,Adamaoua,176000.0,72,0,0.6122,0.5895,0.8947,-0.3117,0.3921,0.5399,0,155000.0
1018,28,F,urbaine,informel,Nord-Ouest,162000.0,60,0,1.5226,0.7062,-0.7504,1.4623,0.6494,0.075,0,162000.0
1019,33,F,semi_urbaine,formel,Littoral,198000.0,3,0,0.0558,1.1204,0.4012,-0.4284,0.6412,0.2667,0,187000.0
1020,28,F,urbaine,informel,Sud,102000.0,56,0,-1.1809,-0.5882,1.3896,-0.5963,0.5247,0.6356,0,85000.0
1021,31,F,semi_urbaine,formel,Sud-Ouest,220000.0,13,0,2.4552,1.6592,-1.7185,-0.3169,0.5912,0.0522,0,220000.0
1022,32,F,urbaine,formel,Littoral,105000.0,58,0,-0.8808,-0.2497,-0.1714,-0.5317,0.4958,0.103,0,105000.0
1023,18,M,urbaine,formel,Extrême-Nord,297000.0,67,0,0.2486,1.9399,1.7086,-0.0112,0.3119,0.2325,0,236000.0
1024,20,M,urbaine,informel,Sud,100000.0,52,0,-1.4571,-0.5875,1.2083,-1.2801,0.7817,0.7313,0,85000.0
1025,32,M,urbaine,informel,Centre,91000.0,30,0,0.6916,-0.478,-1.2855,1.0844,0.4247,0.1183,0,91000.0
1026,21,F,urbaine,informel,Sud-Ouest,65000.0,6,0,-1.5676,-1.0885,1.2981,-0.1448,0.6987,0.7044,0,55000.0
1027,21,F,semi_urbaine,informel,Nord-Ouest,65000.0,64,0,0.4358,-0.9243,-0.1048,2.7791,0.7147,0.3689,0,65000.0
1028,31,F,urbaine,informel,Nord,113000.0,67,0,-1.1693,-0.4268,1.3479,-1.1736,0.7828,0.639,0,94000.0
1029,21,M,urbaine,informel,Nord,30000.0,46,0,-0.7723,-2.4313,-0.0741,1.5899,0.5797,0.2211,0,30000.0
1030,20,F,urbaine,informel,Littoral,115000.0,69,0,-0.3477,-0.2333,0.5524,1.3913,0.527,0.4479,0,106000.0
1031,18,F,urbaine,informel,Ouest,91000.0,75,0,-0.1264,-0.508,0.1113,-0.4117,0.744,0.4899,0,90000.0
1032,26,F,urbaine,formel,Est,206000.0,49,0,0.8826,1.39,0.0847,-0.3951,0.4077,0.2361,0,203000.0
1033,29,M,urbaine,informel,Extrême-Nord,146000.0,5,0,-0.4779,0.423,0.0268,-0.9213,0.4703,0.5412,0,145000.0
1034,31,F,urbaine,informel,Littoral,82000.0,83,1,0.0166,-0.7076,0.4157,-0.9098,0.6963,0.1787,0,78000.0
1035,34,F,urbaine,formel,Sud-Ouest,128000.0,45,0,1.2582,0.1414,-1.137,-0.0006,0.1932,0.036,0,128000.0
1036,29,M,semi_urbaine,formel,Littoral,154000.0,64,0,0.3827,0.3654,0.5814,0.3207,0.4539,0.4542,0,142000.0
1037,31,M,semi_urbaine,formel,Sud-Ouest,255000.0,87,0,1.1418,2.086,0.2742,-1.3024,0.4948,0.1759,0,245000.0
1038,21,F,urbaine,informel,Littoral,71000.0,35,0,0.7901,-0.8223,-0.9593,2.2935,0.786,0.3458,0,71000.0
1039,24,F,semi_urbaine,formel,Extrême-Nord,132000.0,60,0,-0.2175,-0.1198,1.1447,0.0405,0.7591,0.6301,0,113000.0
1040,23,M,semi_urbaine,informel,Sud,56000.0,2,0,-0.4707,-1.1286,0.4995,0.3656,0.8792,0.5992,0,52000.0
1041,19,M,urbaine,formel,Extrême-Nord,70000.0,85,0,-0.269,-0.882,0.2613,-0.6262,0.4975,0.3695,0,67000.0
1042,35,M,semi_urbaine,informel,Sud-Ouest,167000.0,6,0,-1.0549,0.307,1.3556,0.033,0.455,0.4175,0,138000.0
1043,22,F,semi_urbaine,formel,Ouest,180000.0,52,0,0.1856,0.8029,0.4646,-0.0579,0.6818,0.1327,0,168000.0
1044,26,F,semi_urbaine,informel,Ouest,251000.0,34,0,-0.1624,1.2828,1.8428,0.2971,0.8878,0.8257,0,197000.0
1045,24,M,semi_urbaine,informel,Ouest,193000.0,4,0,0.4937,1.0414,0.3832,0.2854,0.8826,0.1744,0,182000.0
1046,18,F,urbaine,formel,Sud-Ouest,352000.0,44,0,1.1547,2.9971,1.1509,0.8049,0.5821,0.6652,0,300000.0
1047,34,F,urbaine,formel,Sud-Ouest,156000.0,89,0,0.3271,0.5261,0.1756,0.2272,0.2635,0.323,0,152000.0
1048,21,M,urbaine,formel,Extrême-Nord,153000.0,16,0,0.4543,0.3395,0.5946,0.7043,0.4347,0.3078,0,140000.0
1049,19,M,urbaine,formel,Centre,84000.0,28,0,-1.1775,-0.7002,0.5512,-0.0098,0.7376,0.3685,0,78000.0
1050,24,F,urbaine,informel,Ouest,207000.0,18,0,-1.1403,0.6966,1.8453,0.2313,0.5229,0.7191,0,162000.0
1051,20,M,semi_urbaine,informel,Adamaoua,153000.0,12,1,-1.3912,0.1185,1.366,0.0587,0.723,0.527,1,127000.0
1052,35,F,urbaine,informel,Est,164000.0,22,0,0.0759,0.6513,0.1994,1.0031,0.7119,0.5087,0,159000.0
1053,21,M,urbaine,informel,Est,52000.0,55,1,0.0164,-1.1391,-0.0083,0.3226,0.6647,0.4569,0,52000.0
1054,23,M,semi_urbaine,formel,Nord,178000.0,75,0,1.1883,0.9516,0.0474,0.1419,0.4856,0.2379,0,177000.0
1055,22,F,urbaine,informel,Littoral,132000.0,66,0,0.2299,0.2052,-0.0928,-0.1879,0.8363,0.191,0,132000.0
1056,18,M,urbaine,informel,Littoral,128000.0,74,1,0.6533,0.139,-0.3974,-0.1092,0.7739,0.3603,0,128000.0
1057,18,F,semi_urbaine,formel,Littoral,115000.0,68,0,1.4091,-0.0833,-2.0031,0.3304,0.6246,0.0132,0,115000.0
1058,27,M,urbaine,informel,Est,191000.0,37,0,0.7337,1.1893,-0.9429,-0.0564,0.5317,0.1705,0,191000.0
1059,22,F,urbaine,formel,Adamaoua,368000.0,86,0,1.0486,2.6503,2.1312,-0.5588,0.7292,0.743,0,279000.0
1060,19,F,urbaine,informel,Adamaoua,53000.0,17,0,-0.0152,-1.1103,-0.0121,0.7649,0.722,0.1813,0,53000.0
1061,23,M,semi_urbaine,informel,Nord-Ouest,226000.0,67,0,-0.5409,0.7204,2.5823,1.1281,0.894,0.8708,0,163000.0
1062,22,M,urbaine,informel,Nord,35000.0,11,1,-2.144,-2.8779,1.0608,1.7839,0.7881,0.4847,1,30000.0
1063,25,F,urbaine,formel,Sud-Ouest,197000.0,73,0,0.5924,1.2686,0.0308,-0.6036,0.4028,0.168,0,196000.0
1064,35,M,urbaine,informel,Adamaoua,30000.0,9,0,-0.7185,-1.8702,-0.8918,0.6664,0.5441,0.2271,0,30000.0
1065,23,M,urbaine,formel,Adamaoua,127000.0,21,0,-0.7013,0.075,0.1364,-1.9091,0.6585,0.1384,0,125000.0
1066,30,F,semi_urbaine,informel,Sud,57000.0,38,1,-1.8178,-1.313,2.5669,1.129,0.8734,0.862,1,41000.0
1067,31,M,urbaine,formel,Adamaoua,177000.0,66,1,-1.1648,0.3844,1.6014,-1.4566,0.219,0.2596,1,143000.0
1068,18,M,semi_urbaine,informel,Nord,195000.0,5,0,-1.0624,0.8388,0.9476,-0.6843,0.867,0.5061,0,170000.0
1069,27,F,urbaine,informel,Sud-Ouest,30000.0,25,0,0.0755,-1.8573,-0.5177,0.3322,0.6546,0.1916,0,30000.0
1070,26,F,urbaine,formel,Adamaoua,134000.0,32,0,0.505,0.2405,-0.8901,-0.6215,0.3355,0.0813,0,134000.0
1071,27,M,semi_urbaine,formel,Nord,125000.0,70,0,0.6795,0.0866,-0.7267,-0.4584,0.6297,0.1518,0,125000.0
1072,21,F,urbaine,informel,Nord-Ouest,276000.0,92,0,-0.2743,1.581,1.8894,-0.4848,0.5561,0.6576,0,215000.0
1073,26,M,urbaine,formel,Sud-Ouest,229000.0,59,0,-0.7079,1.0318,1.712,0.7296,0.4013,0.7055,0,182000.0
1074,20,M,semi_urbaine,formel,Ouest,89000.0,49,0,-0.6705,-0.5772,0.3075,-0.6329,0.5583,0.3347,0,85000.0
1075,35,F,urbaine,formel,Ouest,128000.0,32,0,0.022,0.1287,-0.2375,-0.0542,0.3282,0.2241,0,128000.0
1076,28,F,urbaine,formel,Extrême-Nord,311000.0,79,0,0.5489,2.1561,1.6353,-0.3787,0.4331,0.5859,0,249000.0
1077,18,M,semi_urbaine,informel,Sud-Ouest,163000.0,11,0,1.0605,0.7144,-0.3288,1.1199,0.7488,0.1709,0,163000.0
1078,27,F,urbaine,informel,Nord,72000.0,13,0,-0.5656,-0.9182,0.7149,0.8479,0.8156,0.3687,0,65000.0
1079,34,F,urbaine,formel,Nord-Ouest,152000.0,20,0,-0.4759,0.3329,0.5537,-1.8353,0.4535,0.3424,0,140000.0
1080,31,M,urbaine,informel,Centre,106000.0,26,0,0.8617,-0.2351,-0.2004,1.0451,0.8121,0.2168,0,106000.0
1081,22,M,urbaine,formel,Centre,124000.0,44,0,0.3298,0.062,-0.5416,-0.6108,0.4717,0.2459,0,124000.0
1082,34,M,urbaine,formel,Est,53000.0,90,0,0.5457,-1.1102,-0.6477,0.2363,0.3301,0.1386,0,53000.0
1083,21,M,semi_urbaine,informel,Extrême-Nord,104000.0,62,0,-1.515,-0.6776,2.0998,-0.6389,0.9152,0.7531,0,79000.0
1084,22,M,urbaine,formel,Sud,311000.0,37,0,-0.7239,1.9892,1.9984,0.3711,0.4201,0.4151,0,239000.0
1085,20,F,semi_urbaine,informel,Centre,108000.0,21,0,0.0047,-0.3811,0.7766,2.8513,0.8091,0.5658,0,97000.0
1086,34,M,urbaine,informel,Sud,120000.0,62,0,-0.4293,-0.1033,0.3709,0.1272,0.6957,0.266,0,114000.0
1087,30,M,urbaine,informel,Sud-Ouest,128000.0,25,0,-0.0775,0.1405,-0.0008,-0.4598,0.4953,0.1643,0,128000.0
1088,27,M,urbaine,informel,Sud,278000.0,93,0,0.761,2.2181,0.6501,-0.2322,0.7419,0.6394,0,253000.0
1089,30,M,semi_urbaine,formel,Centre,157000.0,46,0,0.4751,0.6089,-0.4215,-1.169,0.6437,0.2208,0,157000.0
1090,22,F,urbaine,formel,Sud,223000.0,53,0,1.7497,1.6939,0.0322,1.449,0.646,0.3352,0,222000.0
1091,19,M,urbaine,formel,Sud,130000.0,86,0,0.4713,0.0018,0.5383,0.3129,0.6252,0.3675,0,120000.0
1092,33,F,semi_urbaine,informel,Ouest,109000.0,30,0,-0.0101,-0.2594,0.2651,-0.7489,0.852,0.3063,0,104000.0
1093,35,M,urbaine,informel,Centre,129000.0,45,0,-1.1368,0.0126,0.4291,-1.0163,0.5934,0.314,0,121000.0
1094,18,F,urbaine,formel,Est,110000.0,51,0,-0.4027,-0.1741,-0.1019,0.0153,0.4179,0.2841,0,110000.0
1095,18,F,semi_urbaine,formel,Nord-Ouest,144000.0,26,0,1.6304,0.3963,-0.147,1.232,0.8526,0.3202,0,144000.0
1096,28,F,urbaine,formel,Extrême-Nord,209000.0,6,0,0.8398,1.4881,-0.3875,-1.151,0.2696,0.1558,0,209000.0
1097,18,M,urbaine,informel,Nord-Ouest,87000.0,27,1,-0.9293,-0.8004,1.3764,1.1134,0.5712,0.8149,0,72000.0
1098,30,M,urbaine,informel,Extrême-Nord,120000.0,11,0,0.4777,0.0001,-1.1293,-0.0916,0.7074,0.1058,0,120000.0
1099,35,F,urbaine,informel,Littoral,217000.0,65,0,-1.1124,0.7087,2.2296,-0.9302,0.7766,0.5425,0,163000.0
1100,23,F,urbaine,informel,Sud-Ouest,79000.0,1,0,-1.9897,-0.8245,0.7789,-0.4677,0.7167,0.2088,0,71000.0
1101,23,F,semi_urbaine,formel,Adamaoua,247000.0,31,0,0.7333,1.6954,0.7575,2.0486,0.7375,0.1637,0,222000.0
1102,33,F,urbaine,informel,Ouest,149000.0,84,0,-0.9418,0.0729,1.3007,-1.3882,0.378,0.4806,0,124000.0
1103,24,M,semi_urbaine,informel,Est,110000.0,55,0,-0.3616,-0.1651,-0.0561,-0.4319,0.7596,0.2333,0,110000.0
1104,22,F,semi_urbaine,formel,Centre,36000.0,64,0,0.039,-1.4081,-0.8327,1.2526,0.4085,0.1625,0,36000.0
1105,19,F,semi_urbaine,informel,Nord,98000.0,64,1,1.2217,-0.3736,-0.357,0.5165,0.8762,0.2078,0,98000.0
1106,33,F,semi_urbaine,formel,Nord,178000.0,29,0,0.316,0.9716,-0.175,-0.4912,0.3604,0.2786,0,178000.0
1107,34,F,semi_urbaine,informel,Extrême-Nord,269000.0,61,0,0.7456,1.7453,1.3203,1.2648,0.6053,0.5536,0,225000.0
1108,19,M,semi_urbaine,informel,Littoral,156000.0,22,0,0.6165,0.5679,0.0884,1.3123,0.861,0.2865,0,154000.0
1109,32,M,urbaine,informel,Ouest,223000.0,61,0,0.2821,1.1262,1.2566,0.3314,0.7435,0.4463,0,188000.0
1110,20,F,urbaine,informel,Extrême-Nord,47000.0,65,0,0.1686,-1.2091,-1.7276,-0.6124,0.7014,0.1543,0,47000.0
1111,20,M,urbaine,formel,Ouest,148000.0,84,0,0.9822,0.4732,-0.2698,-0.4583,0.5789,0.0786,0,148000.0
1112,24,F,urbaine,informel,Adamaoua,246000.0,88,0,0.0933,1.2207,1.816,0.2847,0.7444,0.6932,0,193000.0
1113,25,F,urbaine,informel,Adamaoua,71000.0,3,0,-1.8417,-0.8877,0.4608,-1.3119,0.659,0.3331,0,67000.0
1114,33,F,semi_urbaine,informel,Nord,178000.0,29,1,1.0155,0.9652,-0.2022,1.6278,0.6347,0.329,0,178000.0
1115,30,F,urbaine,informel,Sud,164000.0,52,0,0.9148,0.7333,-0.0154,1.7002,0.7073,0.2638,0,164000.0
1116,20,F,semi_urbaine,formel,Nord,172000.0,31,0,2.0775,0.8747,-2.8842,0.064,0.7191,0.02,0,172000.0
1117,28,M,urbaine,informel,Nord,100000.0,59,0,0.4336,-0.3287,-0.3612,0.3561,0.7528,0.1847,0,100000.0
1118,33,M,urbaine,informel,Extrême-Nord,76000.0,82,0,-0.7181,-0.9863,1.6889,1.1858,0.6584,0.7951,0,61000.0
1119,29,M,urbaine,formel,Ouest,263000.0,25,0,2.2668,2.3754,-0.5228,1.9556,0.2992,0.1457,0,263000.0
1120,22,F,urbaine,informel,Littoral,162000.0,85,0,1.0759,0.6319,0.1896,1.557,0.7706,0.5872,0,158000.0
1121,20,F,urbaine,informel,Ouest,140000.0,84,0,0.9605,0.3406,-1.6883,-1.7355,0.7176,0.0866,0,140000.0
1122,26,F,urbaine,informel,Est,95000.0,87,0,-0.215,-0.4128,-1.0067,-0.3156,0.6206,0.1309,0,95000.0
1123,26,F,urbaine,informel,Ouest,156000.0,7,0,-0.8466,0.0379,1.8185,0.5007,0.6425,0.634,0,122000.0
1124,24,F,urbaine,formel,Nord,183000.0,28,0,-0.058,0.7647,0.6954,-0.4942,0.3905,0.4169,0,166000.0
1125,19,M,urbaine,informel,Extrême-Nord,144000.0,12,0,0.6002,0.3999,-0.6367,1.7828,0.8039,0.1272,0,144000.0
1126,20,M,urbaine,formel,Littoral,200000.0,12,0,1.469,1.3343,-0.5631,1.6294,0.3372,0.152,0,200000.0
1127,27,M,urbaine,informel,Ouest,79000.0,6,0,-0.9946,-0.7825,0.581,-0.8159,0.5506,0.3841,0,73000.0
1128,34,M,urbaine,informel,Littoral,32000.0,42,1,-0.0676,-1.4666,-0.5811,-0.1624,0.575,0.2095,0,32000.0
1129,28,M,urbaine,informel,Est,125000.0,9,0,0.6131,0.0843,-1.3414,-0.7496,0.8136,0.1195,0,125000.0
1130,25,M,urbaine,informel,Est,32000.0,29,0,-1.2586,-1.7472,0.4977,-0.1951,0.7848,0.4229,0,30000.0
1131,34,F,urbaine,informel,Nord-Ouest,118000.0,94,0,-0.2796,-0.3237,1.1551,-0.2254,0.4125,0.5241,0,101000.0
1132,30,M,semi_urbaine,informel,Ouest,106000.0,84,0,-0.5128,-0.5092,1.2653,1.2543,0.8671,0.7465,0,89000.0
1133,30,M,semi_urbaine,formel,Extrême-Nord,214000.0,90,0,0.2394,1.0917,1.0204,-0.5885,0.7261,0.468,0,186000.0
1134,28,M,semi_urbaine,informel,Extrême-Nord,239000.0,4,0,0.4785,1.9826,-0.9208,-2.3167,0.6637,0.4341,0,239000.0
1135,31,M,urbaine,informel,Adamaoua,33000.0,63,0,-1.376,-1.9446,0.6245,-1.6045,0.3331,0.3994,0,30000.0
1136,27,F,urbaine,formel,Littoral,292000.0,61,0,0.8877,2.8742,-0.1802,-1.0283,0.4412,0.2918,0,292000.0
1137,29,M,urbaine,informel,Nord-Ouest,115000.0,13,0,-0.5389,-0.2331,0.5663,-0.6557,0.7676,0.2837,0,106000.0
1138,29,F,semi_urbaine,informel,Littoral,151000.0,87,0,0.3336,0.3478,0.465,0.4872,0.8838,0.5644,0,141000.0
1139,31,M,semi_urbaine,informel,Sud,35000.0,39,1,-0.6496,-1.4148,-0.0254,-0.7798,0.6751,0.1907,0,35000.0
1140,34,M,semi_urbaine,informel,Adamaoua,180000.0,93,0,1.6962,0.9969,-2.3429,-0.9111,0.8746,0.0555,0,180000.0
1141,23,M,semi_urbaine,formel,Centre,188000.0,11,1,-0.7325,0.6415,1.2336,-0.6294,0.3588,0.4138,1,158000.0
1142,30,F,urbaine,informel,Littoral,133000.0,62,0,-0.7926,-0.0615,0.9505,-1.1157,0.6025,0.5316,0,116000.0
1143,18,M,semi_urbaine,formel,Adamaoua,40000.0,13,0,0.0025,-1.3374,-1.3602,-0.2545,0.6204,0.0651,0,40000.0
1144,27,M,semi_urbaine,formel,Centre,175000.0,91,0,-0.1766,0.6738,0.6184,-0.2973,0.7263,0.2285,0,160000.0
1145,34,F,urbaine,informel,Extrême-Nord,176000.0,58,0,0.8681,0.8458,0.2033,0.6891,0.7532,0.2729,0,171000.0
1146,29,F,semi_urbaine,formel,Sud,142000.0,8,0,-0.707,0.3637,-0.2805,-0.6895,0.6922,0.3481,0,142000.0
1147,22,M,urbaine,formel,Nord,226000.0,21,0,0.9073,1.7742,-0.7024,-0.3576,0.3299,0.1609,0,226000.0
1148,28,M,semi_urbaine,informel,Adamaoua,222000.0,35,0,-0.7862,1.1329,1.206,-0.245,0.8453,0.3345,0,188000.0
1149,24,M,semi_urbaine,formel,Adamaoua,118000.0,2,0,0.7686,-0.0411,-0.6638,1.1089,0.6802,0.2244,0,118000.0
1150,25,M,urbaine,formel,Nord,252000.0,1,0,1.6627,2.1951,-1.0418,-0.1543,0.2751,0.0588,0,252000.0
1151,22,F,semi_urbaine,formel,Centre,187000.0,88,0,0.4706,0.6453,1.2088,1.3507,0.3854,0.5582,0,159000.0
1152,29,M,urbaine,informel,Littoral,132000.0,94,1,0.242,0.0497,0.4731,-1.1524,0.7599,0.4397,1,123000.0
1153,21,F,semi_urbaine,formel,Littoral,162000.0,51,0,0.4086,0.699,-0.0225,0.2506,0.6248,0.2788,0,162000.0
1154,25,M,semi_urbaine,informel,Est,149000.0,86,1,-0.355,0.0693,1.3272,-0.2759,0.6735,0.7869,1,124000.0
1155,34,F,semi_urbaine,informel,Sud,30000.0,63,0,-1.5299,-2.6301,-0.0229,-0.926,0.7236,0.1798,0,30000.0
1156,31,M,semi_urbaine,formel,Extrême-Nord,145000.0,3,0,0.2386,0.4145,-0.3461,0.2325,0.6103,0.2236,0,145000.0
1157,25,F,urbaine,informel,Ouest,44000.0,68,0,-0.1516,-1.3639,0.9405,1.7329,0.6738,0.6462,0,38000.0
1158,35,M,urbaine,formel,Adamaoua,254000.0,2,0,2.3534,2.2263,-1.4966,-0.8529,0.224,0.046,0,254000.0
1159,18,F,urbaine,informel,Nord-Ouest,244000.0,78,0,0.3436,1.5861,0.896,-0.1275,0.8747,0.345,0,215000.0
1160,35,F,urbaine,formel,Nord-Ouest,207000.0,35,0,1.0422,1.4519,-0.6539,-1.3122,0.5089,0.113,0,207000.0
1161,24,M,urbaine,informel,Sud-Ouest,129000.0,14,0,-1.5066,-0.2385,1.4861,-1.4592,0.653,0.63,0,106000.0
1162,32,F,urbaine,formel,Extrême-Nord,104000.0,25,1,-0.8084,-0.408,0.6215,-0.7873,0.3742,0.1698,1,96000.0
1163,35,M,urbaine,informel,Sud,93000.0,65,1,-0.8858,-0.6576,1.0443,-0.45,0.6486,0.5673,1,81000.0
1164,28,M,urbaine,formel,Nord,273000.0,81,0,2.2921,2.5426,-1.5449,-0.4056,0.3104,0.0283,0,273000.0
1165,28,M,semi_urbaine,informel,Sud,85000.0,55,1,-1.8938,-0.6922,0.5579,0.074,0.8066,0.5691,1,78000.0
1166,31,F,urbaine,formel,Nord,30000.0,16,0,-0.3687,-1.7556,-1.1234,-1.6483,0.2692,0.1189,0,30000.0
1167,22,F,semi_urbaine,formel,Est,221000.0,86,0,0.7447,1.6302,0.0891,-0.3259,0.6298,0.482,0,218000.0
1168,21,F,urbaine,formel,Nord-Ouest,246000.0,76,0,2.7472,2.1005,-2.2437,0.5018,0.3579,0.0513,0,246000.0
1169,24,M,urbaine,informel,Nord-Ouest,220000.0,39,0,0.95,1.6592,-0.9288,-1.3582,0.5599,0.1172,0,220000.0
1170,26,M,urbaine,informel,Nord-Ouest,233000.0,53,0,-0.8707,1.0383,1.8542,-0.3551,0.8258,0.5473,0,182000.0
1171,31,M,urbaine,informel,Sud-Ouest,221000.0,92,0,0.5264,1.2015,0.998,0.2928,0.6448,0.5104,0,192000.0
1172,22,M,urbaine,informel,Est,129000.0,36,1,-0.4295,0.0529,0.2912,-0.7823,0.7252,0.3195,1,123000.0
1173,28,F,urbaine,informel,Ouest,30000.0,3,0,-1.311,-2.0763,-0.3255,0.3415,0.416,0.3586,0,30000.0
1174,18,F,urbaine,formel,Sud,158000.0,14,0,0.3672,0.6279,-0.9941,-1.5211,0.4505,0.06,0,158000.0
1175,18,F,urbaine,informel,Centre,177000.0,58,0,0.1758,0.6216,0.8549,0.8884,0.7739,0.7275,0,157000.0
1176,35,F,urbaine,informel,Ouest,117000.0,95,0,0.5214,-0.1353,0.2823,0.3658,0.6296,0.5047,0,112000.0
1177,33,F,urbaine,informel,Sud,144000.0,71,1,-1.6558,-0.1808,2.1186,0.0557,0.3596,0.6867,1,109000.0
1178,33,F,semi_urbaine,informel,Sud-Ouest,67000.0,59,0,-0.5591,-0.9641,0.4691,1.4248,0.7692,0.6227,0,62000.0
1179,23,F,urbaine,informel,Est,66000.0,31,0,-0.8642,-1.0017,0.7056,-0.3293,0.7343,0.3026,0,60000.0
1180,27,F,semi_urbaine,informel,Extrême-Nord,230000.0,42,0,1.0964,1.8381,-0.7136,-0.3179,0.8746,0.1796,0,230000.0
1181,30,M,semi_urbaine,informel,Sud-Ouest,242000.0,4,0,0.7941,1.8743,0.2803,1.6725,0.7052,0.1804,0,232000.0
1182,22,M,semi_urbaine,formel,Sud-Ouest,162000.0,36,0,0.5683,0.5974,0.25,2.1408,0.3649,0.5082,0,156000.0
1183,31,M,semi_urbaine,informel,Extrême-Nord,142000.0,60,0,-0.0473,0.2815,0.2594,-0.3934,0.6611,0.1474,0,137000.0
1184,30,F,urbaine,informel,Nord-Ouest,62000.0,87,0,-0.3957,-0.9809,0.1169,-0.1137,0.5129,0.1469,0,61000.0
1185,25,F,urbaine,informel,Ouest,182000.0,88,0,0.2763,0.6426,0.9783,1.045,0.7568,0.3774,0,159000.0
1186,25,F,urbaine,informel,Sud,296000.0,79,0,-0.4698,1.7596,2.0861,-0.0781,0.3562,0.8417,0,226000.0
1187,23,F,semi_urbaine,formel,Sud,67000.0,3,0,-0.3421,-0.9292,0.2603,0.8946,0.5767,0.3792,0,64000.0
1188,32,M,urbaine,formel,Centre,219000.0,78,0,0.747,1.0639,1.2613,0.7804,0.5857,0.4771,0,184000.0
1189,35,M,urbaine,formel,Est,208000.0,21,1,-0.783,1.139,0.6989,-0.5623,0.3863,0.4851,1,188000.0
1190,35,F,semi_urbaine,informel,Sud,191000.0,59,0,-1.001,0.5276,1.7473,0.7193,0.8148,0.6232,0,152000.0
1191,31,F,urbaine,formel,Ouest,255000.0,90,0,2.1952,2.2428,-0.5618,-0.0062,0.2397,0.1748,0,255000.0
1192,24,F,urbaine,informel,Extrême-Nord,256000.0,85,0,1.3227,2.036,0.393,-1.2169,0.4998,0.5853,0,242000.0
1193,32,F,semi_urbaine,informel,Extrême-Nord,113000.0,64,0,-1.2452,-0.2335,0.4701,-0.6897,0.8644,0.3263,0,106000.0
1194,22,M,urbaine,informel,Est,189000.0,29,0,-0.327,0.6732,1.1892,-0.6524,0.7145,0.4038,0,160000.0
1195,34,M,urbaine,formel,Centre,182000.0,50,0,0.7633,0.6842,0.8736,0.9285,0.4057,0.4424,0,161000.0
1196,22,M,semi_urbaine,informel,Sud-Ouest,92000.0,67,0,-0.5805,-0.6321,0.7676,1.2614,0.7125,0.5337,0,82000.0
1197,25,M,urbaine,formel,Littoral,197000.0,49,0,0.7241,0.8708,0.9726,0.7499,0.4793,0.4113,0,172000.0
1198,19,M,urbaine,informel,Sud,162000.0,39,0,0.3811,0.6715,0.0561,0.4401,0.5972,0.414,0,160000.0
1199,19,M,urbaine,formel,Sud,195000.0,39,0,0.0526,0.8169,1.0172,0.4128,0.6593,0.3763,0,169000.0
1200,25,M,semi_urbaine,formel,Sud-Ouest,122000.0,57,1,-0.8566,-0.2812,1.1882,0.5776,0.8618,0.4615,1,103000.0
1201,27,M,urbaine,formel,Est,143000.0,4,0,-0.1365,0.1364,0.7796,0.4076,0.5105,0.4077,0,128000.0
1202,18,F,semi_urbaine,informel,Sud,104000.0,95,0,0.1329,-0.4559,0.7907,0.7754,0.7829,0.4711,0,93000.0
1203,33,M,semi_urbaine,formel,Sud-Ouest,118000.0,10,0,-0.4887,-0.2424,0.7645,-1.1044,0.256,0.5881,0,105000.0
1204,20,M,urbaine,informel,Centre,139000.0,94,0,0.938,0.3135,-0.2895,-0.7902,0.5228,0.2614,0,139000.0
1205,35,M,urbaine,informel,Ouest,164000.0,4,0,-0.8219,0.4181,0.8524,-1.0289,0.7704,0.3977,0,145000.0
1206,22,M,urbaine,informel,Adamaoua,203000.0,49,0,1.4721,0.9795,0.9179,1.1071,0.5871,0.5357,0,179000.0
1207,24,M,semi_urbaine,formel,Sud-Ouest,105000.0,40,0,1.6503,-0.2576,-1.2139,1.9541,0.578,0.1434,0,105000.0
1208,20,M,urbaine,formel,Est,132000.0,55,0,-0.7178,0.0225,0.5924,-2.169,0.5893,0.425,0,121000.0
1209,32,F,urbaine,formel,Sud,249000.0,42,0,1.9523,2.1546,-1.1303,1.5648,0.5925,0.1317,0,249000.0
1210,31,M,urbaine,formel,Sud,146000.0,86,0,0.1864,0.4355,-0.3492,0.0867,0.3934,0.0749,0,146000.0
1211,19,M,semi_urbaine,informel,Sud-Ouest,135000.0,2,0,-0.7659,0.0301,0.6991,1.3127,0.7965,0.134,0,122000.0
1212,19,M,urbaine,formel,Sud,145000.0,94,0,0.7344,0.4249,-0.6256,0.5065,0.5256,0.2501,0,145000.0
1213,28,F,semi_urbaine,formel,Centre,230000.0,66,0,1.9868,1.733,0.1852,1.7404,0.5132,0.2953,0,224000.0
1214,33,M,urbaine,formel,Centre,231000.0,74,0,1.3079,1.7718,0.1335,0.2097,0.3347,0.2328,0,226000.0
1215,19,F,semi_urbaine,informel,Sud-Ouest,187000.0,14,0,-0.0145,1.1132,-0.1492,-1.0635,0.8548,0.3279,0,187000.0
1216,21,F,urbaine,formel,Sud,173000.0,7,0,-0.3527,0.6266,0.6726,-0.1057,0.5231,0.6134,0,158000.0
1217,27,M,urbaine,informel,Sud,68000.0,38,1,-0.374,-0.8724,-0.0934,0.5157,0.8539,0.4413,1,68000.0
1218,19,M,semi_urbaine,formel,Sud-Ouest,370000.0,31,0,0.1556,2.5252,2.4296,0.084,0.7081,0.8121,0,272000.0
1219,23,M,semi_urbaine,informel,Ouest,186000.0,75,0,0.2936,0.8563,0.5669,0.9577,0.8817,0.2647,0,171000.0
1220,18,F,urbaine,informel,Nord-Ouest,93000.0,86,0,0.4548,-0.4567,-0.5485,-0.0657,0.614,0.1248,0,93000.0
1221,26,M,urbaine,formel,Extrême-Nord,241000.0,41,0,1.5447,2.0238,-0.8795,-0.5955,0.524,0.0287,0,241000.0
1222,30,M,urbaine,formel,Centre,146000.0,73,0,-1.1358,0.0644,1.2157,-1.086,0.3404,0.5434,0,124000.0
1223,25,M,urbaine,formel,Sud-Ouest,241000.0,6,0,1.5082,2.0107,-0.3059,-0.3918,0.5161,0.287,0,241000.0
1224,22,M,urbaine,formel,Nord-Ouest,245000.0,71,0,2.0003,2.0783,-1.2483,0.2046,0.5771,0.1532,0,245000.0
1225,25,F,semi_urbaine,formel,Nord-Ouest,115000.0,10,1,-1.8024,-0.3215,0.9778,-1.6594,0.6205,0.4963,1,101000.0
1226,27,M,urbaine,informel,Ouest,161000.0,64,0,0.3663,0.5818,0.2585,-0.7801,0.8703,0.2974,0,155000.0
1227,20,F,semi_urbaine,informel,Est,200000.0,37,1,-0.8937,0.7822,1.3343,-1.6967,0.9044,0.4656,0,167000.0
1228,20,M,urbaine,formel,Extrême-Nord,363000.0,40,0,1.0479,3.2149,1.0657,-0.6171,0.6507,0.3024,0,313000.0
1229,21,F,urbaine,informel,Sud-Ouest,86000.0,27,1,-1.1126,-0.7423,0.931,1.1973,0.7828,0.4353,0,75000.0
1230,35,F,semi_urbaine,formel,Extrême-Nord,334000.0,39,0,-0.4162,2.0325,2.5427,-0.8861,0.734,0.5991,0,242000.0
1231,31,M,urbaine,informel,Adamaoua,121000.0,84,0,1.934,0.0173,-1.1323,0.7032,0.4621,0.2758,0,121000.0
1232,20,M,semi_urbaine,formel,Ouest,82000.0,77,0,0.7515,-0.6414,-0.6602,3.1488,0.7889,0.0644,0,82000.0
1233,23,M,urbaine,informel,Littoral,119000.0,33,0,0.2307,-0.12,0.3608,1.4535,0.5836,0.3114,0,113000.0
1234,25,M,semi_urbaine,informel,Sud-Ouest,173000.0,28,1,-1.9764,0.0025,2.9106,0.4335,0.7473,0.6125,1,120000.0
1235,21,M,semi_urbaine,formel,Centre,119000.0,49,0,-0.0509,-0.4589,1.9394,1.1584,0.707,0.651,0,92000.0
1236,33,F,semi_urbaine,formel,Adamaoua,212000.0,66,0,-0.0917,0.9122,1.4274,-1.0697,0.6935,0.4958,0,175000.0
1237,34,F,urbaine,formel,Est,213000.0,18,0,0.7729,1.5578,-0.7407,-1.5734,0.267,0.1015,0,213000.0
1238,22,F,urbaine,informel,Extrême-Nord,134000.0,69,0,-0.1112,0.2382,-0.0479,0.0287,0.648,0.1676,0,134000.0
1239,18,F,urbaine,informel,Est,87000.0,91,0,-0.1229,-0.5418,-0.1805,0.3986,0.7405,0.2385,0,87000.0
1240,22,F,urbaine,informel,Centre,111000.0,81,0,0.8404,-0.1485,-0.1466,1.0944,0.6843,0.1887,0,111000.0
1241,28,M,urbaine,informel,Extrême-Nord,158000.0,53,0,-1.8779,-0.0045,2.1425,-0.5688,0.7491,0.6998,0,120000.0
1242,32,M,urbaine,informel,Sud-Ouest,142000.0,31,0,-0.6286,0.2173,0.4372,0.1934,0.9048,0.6383,0,133000.0
1243,24,M,urbaine,informel,Ouest,202000.0,31,0,0.2655,1.1098,0.5351,0.1591,0.733,0.3977,0,187000.0
1244,22,F,urbaine,informel,Nord,165000.0,71,0,-0.5065,0.2719,1.3988,-0.1314,0.6222,0.6408,0,136000.0
1245,22,M,urbaine,informel,Sud,36000.0,44,0,0.0039,-1.4027,-1.0527,-0.0725,0.5544,0.0974,0,36000.0
1246,18,M,urbaine,formel,Extrême-Nord,125000.0,11,0,-0.6664,0.0377,0.1495,-0.8547,0.4843,0.163,0,122000.0
1247,18,M,urbaine,informel,Littoral,130000.0,65,0,0.9269,0.166,-0.471,0.2797,0.6295,0.1919,0,130000.0
1248,25,F,semi_urbaine,formel,Extrême-Nord,223000.0,14,0,0.6995,1.7241,-0.1608,0.495,0.6683,0.5144,0,223000.0
1249,29,F,urbaine,formel,Est,234000.0,94,0,1.7239,1.8978,-0.4885,-0.44,0.4898,0.1287,0,234000.0
1250,18,M,urbaine,informel,Centre,226000.0,40,0,1.2251,1.7747,-0.0013,0.6658,0.6832,0.3134,0,226000.0
1251,21,F,urbaine,formel,Adamaoua,173000.0,33,0,0.6441,0.7306,0.3715,1.0278,0.7296,0.1881,0,164000.0
1252,34,F,semi_urbaine,formel,Extrême-Nord,211000.0,6,0,1.0535,1.3633,0.3112,0.9774,0.4499,0.0646,0,202000.0
1253,35,F,urbaine,formel,Nord,69000.0,16,0,-1.0027,-0.8545,-0.1455,-1.0424,0.3714,0.1296,0,69000.0
1254,29,M,urbaine,informel,Nord-Ouest,168000.0,91,1,-0.2879,0.4299,1.015,0.0996,0.7217,0.7928,1,146000.0
1255,27,M,semi_urbaine,informel,Extrême-Nord,55000.0,52,1,-1.1886,-1.0753,-0.1983,-0.6114,0.8515,0.3055,1,55000.0
1256,28,F,urbaine,formel,Nord-Ouest,171000.0,86,0,-0.6211,0.5375,0.8016,0.0966,0.6,0.6001,0,152000.0
1257,24,F,semi_urbaine,formel,Centre,338000.0,91,0,2.0517,3.6298,-0.0719,-0.6075,0.6713,0.1717,0,338000.0
1258,21,M,semi_urbaine,informel,Centre,142000.0,5,0,0.2629,0.3036,0.193,1.5772,0.8834,0.0962,0,138000.0
1259,24,M,urbaine,informel,Extrême-Nord,68000.0,37,0,-0.546,-0.8638,-0.1718,0.7833,0.6148,0.1395,0,68000.0
1260,30,M,urbaine,formel,Nord,180000.0,80,0,0.8861,1.0078,-0.1335,1.153,0.5397,0.2347,0,180000.0
1261,29,F,semi_urbaine,informel,Ouest,123000.0,48,0,-0.8091,-0.5171,2.5394,1.3517,0.8437,0.8066,0,89000.0
1262,30,M,semi_urbaine,informel,Sud-Ouest,68000.0,49,1,-0.5165,-0.9607,0.6119,0.0294,0.8761,0.388,1,62000.0
1263,28,F,urbaine,formel,Nord-Ouest,282000.0,55,0,1.6124,2.7031,-1.0932,-0.4256,0.2559,0.069,0,282000.0
1264,19,M,urbaine,informel,Littoral,227000.0,67,0,0.1655,1.0668,1.5439,1.7417,0.6255,0.7218,0,184000.0
1265,29,F,urbaine,informel,Est,144000.0,90,0,0.4677,0.3455,0.176,-0.1651,0.7398,0.2419,0,141000.0
1266,33,F,urbaine,informel,Sud-Ouest,109000.0,85,1,-1.0882,-0.3918,0.8447,-1.3546,0.3046,0.4862,1,96000.0
1267,29,F,semi_urbaine,formel,Littoral,137000.0,60,0,0.6536,0.2892,-0.4775,1.3075,0.6409,0.1662,0,137000.0
1268,28,F,urbaine,informel,Centre,274000.0,55,0,-0.3252,1.5425,1.9344,0.1438,0.7679,0.6271,0,213000.0
1269,22,M,semi_urbaine,informel,Adamaoua,140000.0,35,0,1.022,0.3066,0.0622,1.8059,0.7647,0.1865,0,138000.0
1270,32,F,semi_urbaine,informel,Littoral,39000.0,12,1,-2.4751,-3.0828,2.0408,0.543,0.7147,0.6411,1,30000.0
1271,26,F,semi_urbaine,informel,Sud-Ouest,265000.0,68,0,1.5301,2.4209,-0.4114,0.28,0.6892,0.4388,0,265000.0
1272,22,F,semi_urbaine,informel,Extrême-Nord,138000.0,1,0,0.3521,0.1831,0.361,1.8261,0.7696,0.4981,0,131000.0
1273,26,M,semi_urbaine,informel,Sud,184000.0,67,0,-1.2638,0.3434,2.0496,-1.2385,0.7478,0.811,0,141000.0
1274,20,M,semi_urbaine,informel,Ouest,208000.0,48,1,-0.3156,1.0867,0.8216,-0.2854,0.7671,0.3247,1,185000.0
1275,34,M,semi_urbaine,formel,Littoral,249000.0,75,0,-0.9228,1.0654,2.3614,-0.5874,0.4496,0.4907,0,184000.0
1276,30,M,urbaine,formel,Nord-Ouest,201000.0,91,0,0.0247,1.3469,-0.1906,-2.1951,0.3928,0.3071,0,201000.0
1277,23,M,urbaine,formel,Sud-Ouest,137000.0,53,0,0.6357,0.1763,0.3467,0.8732,0.4481,0.3905,0,131000.0
1278,32,M,urbaine,informel,Centre,64000.0,55,1,-1.7301,-1.2298,2.5678,-0.5574,0.8131,0.8011,0,46000.0
1279,18,F,semi_urbaine,formel,Littoral,173000.0,47,0,1.5534,0.8802,-1.3893,1.2054,0.6231,0.0588,0,173000.0
1280,24,M,semi_urbaine,informel,Sud,206000.0,36,0,1.2944,1.4316,-0.9721,0.6891,0.8281,0.0599,0,206000.0
1281,29,M,urbaine,formel,Littoral,117000.0,9,0,0.7732,-0.0478,-0.7226,0.6071,0.3647,0.1931,0,117000.0
1282,18,M,urbaine,formel,Nord,128000.0,3,0,-0.5407,-0.128,0.9037,-0.4554,0.4515,0.556,0,112000.0
1283,30,F,urbaine,informel,Littoral,193000.0,69,0,0.806,1.221,-1.0224,-0.7642,0.4373,0.0889,0,193000.0
1284,32,M,semi_urbaine,formel,Nord-Ouest,141000.0,87,0,0.0113,0.1428,0.6701,0.3898,0.3653,0.2397,0,129000.0
1285,28,F,urbaine,informel,Extrême-Nord,112000.0,6,0,-0.8573,-0.4106,1.1299,0.9192,0.5158,0.6817,0,95000.0
1286,21,F,urbaine,formel,Nord-Ouest,176000.0,32,0,-1.4968,0.2269,2.119,-0.0504,0.5229,0.5553,0,134000.0
1287,31,M,semi_urbaine,informel,Centre,146000.0,58,0,-0.9456,-0.065,1.7147,-0.4019,0.8462,0.8335,0,116000.0
1288,24,F,semi_urbaine,formel,Nord,66000.0,67,0,-1.16,-0.9736,0.4446,-0.899,0.4029,0.2758,0,62000.0
1289,31,F,urbaine,informel,Ouest,114000.0,70,0,-1.4361,-0.5393,1.9736,0.2042,0.5725,0.6328,0,88000.0
1290,29,M,urbaine,informel,Extrême-Nord,157000.0,66,0,-0.6126,0.2304,1.1364,-0.5541,0.4875,0.5125,0,134000.0
1291,19,F,semi_urbaine,formel,Adamaoua,169000.0,8,0,-0.0239,0.8232,-0.334,0.2283,0.6305,0.1379,0,169000.0
1292,19,M,semi_urbaine,formel,Ouest,225000.0,25,0,0.7216,1.758,-0.9907,0.0612,0.7693,0.1801,0,225000.0
1293,18,F,semi_urbaine,formel,Nord-Ouest,266000.0,45,0,1.8903,2.4394,-0.446,-0.1444,0.6169,0.2369,0,266000.0
1294,19,F,urbaine,informel,Sud,230000.0,7,0,0.0687,1.5125,0.6039,0.2938,0.7197,0.5489,0,211000.0
1295,23,M,urbaine,informel,Adamaoua,197000.0,33,0,0.8722,0.9147,0.8403,0.5545,0.8265,0.4668,0,175000.0
1296,18,M,urbaine,formel,Centre,147000.0,37,0,2.7236,0.4513,-2.0189,1.9653,0.5815,0.0326,0,147000.0
1297,34,F,semi_urbaine,formel,Est,119000.0,93,0,0.5088,-0.0231,-0.1302,1.058,0.4469,0.1943,0,119000.0
1298,34,M,urbaine,informel,Sud-Ouest,133000.0,31,0,0.8722,0.0179,0.6552,1.5937,0.6332,0.3395,0,121000.0
1299,21,M,urbaine,informel,Ouest,182000.0,93,1,0.014,0.5856,1.1714,-0.8186,0.6192,0.7179,1,155000.0
1300,23,F,semi_urbaine,informel,Littoral,228000.0,67,0,-1.4009,0.8219,2.2944,-1.3009,0.838,0.8411,0,169000.0
1301,31,M,semi_urbaine,informel,Est,177000.0,66,0,-0.8676,0.6231,0.8469,0.2856,0.806,0.4273,0,157000.0
1302,29,F,semi_urbaine,informel,Adamaoua,113000.0,78,0,0.9169,-0.1212,-0.2827,1.158,0.6341,0.1406,0,113000.0
1303,28,M,urbaine,informel,Littoral,167000.0,81,0,1.5904,0.7869,-1.1821,0.7012,0.6801,0.2424,0,167000.0
1304,35,M,urbaine,formel,Sud-Ouest,258000.0,22,0,0.9482,1.8609,0.7613,1.2114,0.3716,0.3699,0,232000.0
1305,29,M,urbaine,formel,Nord-Ouest,209000.0,40,0,0.4074,1.4802,-0.7688,-2.5365,0.5014,0.112,0,209000.0
1306,30,M,urbaine,formel,Sud,177000.0,51,0,-0.2557,0.568,0.9726,1.253,0.5289,0.6237,0,154000.0
1307,27,F,urbaine,informel,Littoral,91000.0,93,1,-1.4175,-0.8338,2.0412,0.3355,0.7188,0.6297,1,70000.0
1308,27,F,urbaine,formel,Nord,105000.0,4,0,0.3033,-0.2576,-1.4615,-1.544,0.413,0.057,0,105000.0
1309,23,F,urbaine,informel,Nord,94000.0,46,0,-0.977,-0.6812,1.2111,0.7235,0.7858,0.4879,0,79000.0
1310,27,M,semi_urbaine,informel,Ouest,175000.0,21,0,-1.1319,0.2571,1.9333,0.4695,0.7034,0.4875,0,135000.0
1311,34,M,semi_urbaine,informel,Est,188000.0,20,0,-1.1731,0.5198,1.6391,0.6812,0.6002,0.6603,0,151000.0
1312,24,F,urbaine,informel,Ouest,35000.0,73,0,0.6771,-1.4145,-1.5343,0.9991,0.3105,0.0553,0,35000.0
1313,20,M,urbaine,formel,Nord-Ouest,126000.0,20,0,0.1034,0.096,-0.7537,0.4303,0.4996,0.0894,0,126000.0
1314,28,M,urbaine,informel,Est,135000.0,76,0,0.6266,0.2433,-0.6675,-1.4728,0.5636,0.1168,0,135000.0
1315,32,M,urbaine,formel,Nord-Ouest,111000.0,95,0,-0.5167,-0.2997,0.6151,-0.143,0.4582,0.25,0,102000.0
1316,35,F,urbaine,informel,Nord-Ouest,168000.0,74,0,-0.7536,0.4339,0.9864,-1.6176,0.3653,0.3508,0,146000.0
1317,27,M,urbaine,informel,Littoral,102000.0,17,0,1.9055,-0.3074,-2.0793,0.6491,0.593,0.0616,0,102000.0
1318,32,M,semi_urbaine,informel,Littoral,81000.0,14,0,-0.3716,-0.7234,0.3586,1.698,0.7971,0.3163,0,77000.0
1319,22,F,urbaine,informel,Nord-Ouest,149000.0,42,0,-1.3487,0.0532,1.4181,-1.2415,0.587,0.5757,0,123000.0
1320,25,F,semi_urbaine,formel,Nord-Ouest,187000.0,53,0,0.535,0.9923,0.2803,-0.3715,0.6618,0.5901,0,180000.0
1321,25,F,urbaine,informel,Nord-Ouest,77000.0,74,0,-1.6309,-0.8485,0.7702,-0.8824,0.6197,0.4013,0,69000.0
1322,23,F,urbaine,informel,Sud-Ouest,110000.0,41,1,0.0156,-0.2426,0.2737,-0.4539,0.6936,0.4036,1,105000.0
1323,30,M,urbaine,informel,Sud,148000.0,16,0,0.8298,0.4677,-0.4169,0.4124,0.7105,0.2801,0,148000.0
1324,33,M,urbaine,formel,Centre,112000.0,95,0,0.2367,-0.1621,0.0868,-0.4431,0.5191,0.221,0,110000.0
1325,23,M,urbaine,formel,Ouest,58000.0,86,1,-1.4133,-1.0578,0.1511,0.6525,0.4949,0.269,1,57000.0
1326,20,F,semi_urbaine,informel,Sud,36000.0,63,0,-1.1431,-1.5366,1.2663,1.3654,0.7552,0.5379,0,30000.0
1327,32,M,urbaine,formel,Littoral,146000.0,67,0,-0.3368,0.1819,0.7676,1.1018,0.3553,0.3804,0,131000.0
1328,33,F,urbaine,informel,Littoral,45000.0,89,1,-0.7918,-1.3184,0.7246,-1.1182,0.6939,0.3319,1,41000.0
1329,34,M,urbaine,informel,Centre,124000.0,46,0,-0.3815,-0.3477,1.6927,1.3859,0.489,0.5565,0,99000.0
1330,22,F,urbaine,informel,Ouest,229000.0,14,0,1.1545,1.6649,0.2621,1.4661,0.6852,0.32,0,220000.0
1331,30,F,urbaine,formel,Est,73000.0,58,0,0.5312,-0.7786,-1.3682,1.5527,0.3792,0.0238,0,73000.0
1332,30,M,urbaine,informel,Extrême-Nord,120000.0,43,0,-0.3152,-0.2826,1.1038,-0.1578,0.6337,0.7091,0,103000.0
1333,32,F,semi_urbaine,formel,Est,293000.0,76,0,1.3227,2.7323,0.2129,-0.4518,0.4326,0.5469,0,284000.0
1334,32,M,urbaine,informel,Ouest,168000.0,74,0,0.1231,0.4081,1.0775,-0.9842,0.4031,0.518,0,144000.0
1335,35,M,urbaine,informel,Sud,98000.0,45,0,-0.0342,-0.3677,-0.6311,-1.1018,0.6668,0.2371,0,98000.0
1336,26,M,semi_urbaine,formel,Adamaoua,189000.0,35,0,-0.6833,0.4431,1.9336,0.3117,0.7141,0.7482,0,147000.0
1337,19,M,semi_urbaine,formel,Nord,204000.0,41,0,0.2514,1.0294,0.7991,1.1479,0.4429,0.2017,0,182000.0
1338,21,F,urbaine,formel,Extrême-Nord,258000.0,61,0,2.3591,2.2958,-0.1788,1.3066,0.546,0.2882,0,258000.0
1339,33,M,urbaine,informel,Extrême-Nord,88000.0,61,0,0.0759,-0.5309,-0.2876,-0.4856,0.7392,0.1802,0,88000.0
1340,33,F,urbaine,informel,Adamaoua,94000.0,49,0,-0.8845,-0.7576,1.7151,-0.0387,0.6895,0.8719,0,75000.0
1341,18,M,urbaine,formel,Est,73000.0,51,0,0.2728,-0.7788,-1.0072,-0.1042,0.4729,0.0895,0,73000.0
1342,24,F,urbaine,formel,Extrême-Nord,219000.0,95,1,-0.9061,0.7031,2.3335,-0.6353,0.3608,0.7933,1,162000.0
1343,22,F,semi_urbaine,informel,Sud,36000.0,25,0,-0.3632,-1.4057,0.0505,1.0357,0.8186,0.257,0,36000.0
1344,23,M,urbaine,formel,Adamaoua,163000.0,17,0,-0.5389,0.1362,1.8234,0.3628,0.5143,0.8401,0,128000.0
1345,29,F,semi_urbaine,informel,Extrême-Nord,70000.0,76,0,-0.0686,-0.9087,0.4721,0.4418,0.7827,0.2926,0,65000.0
1346,27,M,urbaine,informel,Nord,246000.0,89,0,-0.3038,1.0741,2.2103,0.3583,0.6479,0.844,0,184000.0
1347,26,M,semi_urbaine,informel,Extrême-Nord,89000.0,58,0,-0.5108,-0.5084,-0.0972,0.9155,0.6883,0.3293,0,89000.0
1348,25,M,semi_urbaine,informel,Sud,159000.0,39,0,0.3512,0.3969,0.6846,0.9054,0.8289,0.4647,0,144000.0
1349,29,M,urbaine,informel,Ouest,37000.0,34,1,-2.5451,-1.6041,1.4456,-0.8385,0.7045,0.6079,1,30000.0
1350,30,M,urbaine,informel,Sud,153000.0,45,0,-0.4037,0.1315,1.2957,0.8963,0.6683,0.4418,0,128000.0
1351,18,F,urbaine,formel,Extrême-Nord,99000.0,5,0,-1.2336,-0.6032,1.2085,0.2554,0.5388,0.1463,0,84000.0
1352,20,F,semi_urbaine,formel,Est,130000.0,51,0,-0.2048,0.1744,-0.3248,-0.1346,0.8135,0.2794,0,130000.0
1353,24,F,urbaine,informel,Sud,280000.0,26,0,0.8787,2.2112,0.7087,0.2342,0.6196,0.3418,0,253000.0
1354,25,M,urbaine,formel,Littoral,256000.0,26,0,0.788,1.5322,1.3732,0.3445,0.6242,0.6542,0,212000.0
1355,35,F,urbaine,informel,Est,112000.0,54,1,0.2782,-0.1284,-0.1019,1.0818,0.5166,0.293,0,112000.0
1356,34,F,semi_urbaine,informel,Sud,370000.0,92,0,1.3365,3.1989,1.2395,-0.7462,0.835,0.6976,0,312000.0
1357,29,F,urbaine,informel,Ouest,69000.0,20,0,0.3598,-0.9152,0.4363,1.325,0.7773,0.4685,0,65000.0
1358,18,F,urbaine,formel,Nord-Ouest,236000.0,87,0,1.3595,1.7652,0.3035,0.0232,0.4884,0.0755,0,226000.0
1359,19,F,semi_urbaine,informel,Nord,33000.0,50,1,-1.5297,-1.5327,0.7679,-0.2062,0.9166,0.515,1,30000.0
1360,26,F,urbaine,informel,Nord,105000.0,93,0,0.187,-0.2439,-0.1433,-0.5368,0.7247,0.2083,0,105000.0
1361,28,F,semi_urbaine,formel,Adamaoua,75000.0,37,0,-0.3694,-0.7478,-0.1643,-0.7014,0.482,0.3211,0,75000.0
1362,29,F,urbaine,informel,Adamaoua,151000.0,95,1,-0.0066,0.2573,0.7669,-1.7409,0.6097,0.5112,0,135000.0
1363,20,F,urbaine,informel,Sud,134000.0,63,0,0.4621,0.056,0.5608,0.6774,0.8175,0.4667,0,123000.0
1364,33,F,semi_urbaine,informel,Nord,136000.0,64,1,-1.685,-0.3077,2.2381,2.2809,0.8266,0.7008,1,102000.0
1365,26,M,semi_urbaine,informel,Adamaoua,231000.0,54,0,-1.0266,1.0921,1.6481,-1.3176,0.6909,0.4839,0,186000.0
1366,28,F,semi_urbaine,formel,Littoral,129000.0,43,0,-0.4361,0.0329,0.4047,-0.6504,0.5737,0.2323,0,122000.0
1367,18,F,urbaine,informel,Nord-Ouest,140000.0,50,0,0.1548,0.3269,-0.113,0.7516,0.7506,0.1014,0,140000.0
1368,32,F,urbaine,informel,Sud,169000.0,81,1,-0.5391,0.8206,-0.2101,-0.0456,0.5694,0.1761,1,169000.0
1369,27,M,urbaine,formel,Adamaoua,88000.0,76,0,-1.5506,-0.8832,2.1192,0.8344,0.7269,0.4326,0,67000.0
1370,22,M,urbaine,formel,Sud-Ouest,111000.0,3,0,0.1999,-0.1484,-0.9057,-0.1017,0.5209,0.0484,0,111000.0
1371,23,M,urbaine,formel,Adamaoua,164000.0,66,0,0.0111,0.6539,0.209,-0.5806,0.4756,0.2608,0,159000.0
1372,24,F,urbaine,formel,Centre,208000.0,80,0,0.177,1.2302,0.4852,-0.2258,0.6214,0.3675,0,194000.0
1373,18,F,urbaine,informel,Nord-Ouest,215000.0,71,0,0.048,1.4212,0.3274,-2.3821,0.6937,0.3264,0,205000.0
1374,34,F,urbaine,formel,Centre,143000.0,48,0,0.5651,0.3841,-0.8987,-1.1435,0.5176,0.0826,0,143000.0
1375,32,M,urbaine,informel,Extrême-Nord,101000.0,32,0,0.0075,-0.3165,-0.1998,0.9483,0.4254,0.1483,0,101000.0
1376,33,M,urbaine,formel,Littoral,104000.0,64,0,1.1235,-0.2726,-0.4769,1.1919,0.3482,0.1279,0,104000.0
1377,24,M,semi_urbaine,informel,Est,140000.0,64,0,0.8654,0.33,-0.035,1.7062,0.8726,0.1788,0,140000.0
1378,28,M,semi_urbaine,formel,Nord-Ouest,169000.0,36,0,-0.8479,0.3029,1.4797,0.7409,0.7598,0.4985,0,138000.0
1379,26,M,urbaine,informel,Littoral,113000.0,39,0,-1.6077,-0.274,0.608,-2.2561,0.5858,0.2033,0,104000.0
1380,26,M,semi_urbaine,formel,Adamaoua,150000.0,36,0,0.317,0.5061,-0.4244,-0.335,0.4971,0.2208,0,150000.0
1381,28,M,semi_urbaine,informel,Ouest,171000.0,5,0,0.503,0.5516,0.772,1.6247,0.825,0.344,0,153000.0
1382,26,F,urbaine,formel,Sud,136000.0,4,0,-0.4614,0.0363,0.7445,1.6231,0.3827,0.4003,0,122000.0
1383,31,F,urbaine,formel,Centre,110000.0,8,0,0.489,-0.1722,-0.2676,1.3626,0.3852,0.2673,0,110000.0
1384,19,M,urbaine,informel,Littoral,180000.0,41,0,-0.7436,0.4317,1.5626,-0.2363,0.803,0.6464,0,146000.0
1385,21,F,urbaine,informel,Ouest,30000.0,49,1,-0.878,-3.0257,-0.6407,-1.3066,0.652,0.2503,1,30000.0
1386,34,F,semi_urbaine,informel,Sud,106000.0,39,1,-1.1867,-0.6037,1.7755,0.2594,0.521,0.3448,1,84000.0
1387,33,M,semi_urbaine,formel,Sud,88000.0,91,0,-0.199,-0.5513,0.0689,0.3148,0.3892,0.1775,0,87000.0
1388,32,F,urbaine,formel,Adamaoua,229000.0,22,0,1.5687,1.8033,0.0341,1.5656,0.4106,0.3526,0,228000.0
1389,24,M,semi_urbaine,informel,Littoral,94000.0,38,0,0.2179,-0.4409,-0.07,0.5278,0.615,0.3192,0,94000.0
1390,26,M,urbaine,informel,Nord-Ouest,86000.0,24,1,-0.1861,-0.5607,-0.5994,0.0167,0.6422,0.394,1,86000.0
1391,18,F,urbaine,formel,Centre,153000.0,29,0,0.7818,0.5514,-1.5956,0.0735,0.3552,0.1527,0,153000.0
1392,23,M,semi_urbaine,informel,Ouest,84000.0,56,0,0.2169,-0.5954,-0.0818,0.6999,0.9049,0.2903,0,84000.0
1393,31,M,urbaine,informel,Littoral,114000.0,30,1,-0.8281,-0.4026,1.2554,0.6264,0.8388,0.4947,0,96000.0
1394,24,M,urbaine,informel,Littoral,126000.0,31,0,-0.5647,0.0971,-0.3478,-0.7245,0.5673,0.1315,0,126000.0
1395,26,F,urbaine,formel,Sud,131000.0,64,0,0.8742,0.178,-1.4504,-1.0576,0.4904,0.0526,0,131000.0
1396,20,M,semi_urbaine,formel,Est,130000.0,79,0,1.0682,0.1708,-0.8014,1.6706,0.5382,0.094,0,130000.0
1397,26,M,urbaine,formel,Extrême-Nord,95000.0,21,0,-1.2007,-0.4102,-0.3008,-1.641,0.4204,0.1271,0,95000.0
1398,30,M,urbaine,informel,Adamaoua,53000.0,11,0,-0.6318,-1.1538,0.3181,1.6377,0.8178,0.2202,0,51000.0
1399,28,F,urbaine,formel,Sud,160000.0,23,0,0.165,0.6606,-0.0518,-1.9107,0.3854,0.2487,0,160000.0
1400,28,F,urbaine,informel,Centre,173000.0,55,0,-0.4885,0.3066,1.6582,-0.5845,0.628,0.8191,0,138000.0
1401,34,M,urbaine,informel,Nord,44000.0,92,0,-0.9443,-1.4282,1.849,0.9719,0.4989,0.7728,0,34000.0
1402,22,F,semi_urbaine,informel,Adamaoua,232000.0,16,1,-1.1638,0.7599,2.6824,0.3003,0.8849,0.7722,1,166000.0
1403,23,F,semi_urbaine,formel,Centre,202000.0,5,0,1.37,1.364,-1.5749,-1.0165,0.2501,0.1082,0,202000.0
1404,29,F,semi_urbaine,formel,Centre,214000.0,51,0,1.6086,1.5747,-0.7503,0.7264,0.528,0.1459,0,214000.0
1405,26,F,semi_urbaine,informel,Adamaoua,166000.0,95,0,-0.6179,0.2999,1.356,0.367,0.7876,0.5488,0,138000.0
1406,35,F,urbaine,informel,Centre,162000.0,53,0,-0.0686,0.6371,0.1511,-0.216,0.5257,0.2838,0,158000.0
1407,19,F,urbaine,informel,Est,308000.0,88,0,0.14,2.185,1.5212,-0.6239,0.8019,0.562,0,251000.0
1408,20,M,urbaine,formel,Nord-Ouest,145000.0,62,0,0.5746,0.2985,0.3378,-0.0346,0.6535,0.3531,0,138000.0
1409,24,F,urbaine,informel,Extrême-Nord,76000.0,4,1,-1.8848,-1.0457,2.1839,-0.5819,0.5235,0.7406,1,57000.0
1410,26,F,semi_urbaine,formel,Sud,76000.0,41,0,-0.7984,-0.9341,1.2056,2.7345,0.8146,0.3425,0,64000.0
1411,34,F,semi_urbaine,formel,Centre,306000.0,74,0,0.8223,2.3557,1.1344,0.06,0.367,0.3219,0,261000.0
1412,26,M,semi_urbaine,formel,Sud-Ouest,262000.0,49,0,1.3127,2.3688,-0.2627,-0.0738,0.746,0.2054,0,262000.0
1413,25,F,urbaine,informel,Adamaoua,70000.0,19,0,-1.1767,-0.9246,0.5423,-0.5416,0.6988,0.4367,0,65000.0
1414,21,M,urbaine,formel,Est,112000.0,18,0,0.2604,-0.1273,-0.2178,1.777,0.4374,0.1566,0,112000.0
1415,25,M,urbaine,formel,Sud-Ouest,137000.0,64,0,1.1502,0.276,-1.4226,-1.6391,0.4163,0.037,0,137000.0
1416,27,M,urbaine,informel,Adamaoua,255000.0,44,0,-0.4853,1.2243,2.1047,0.3594,0.6645,0.8382,0,193000.0
1417,28,M,urbaine,informel,Nord-Ouest,52000.0,55,1,-1.4358,-1.2873,1.3821,-0.2393,0.6837,0.7041,1,43000.0
1418,28,F,urbaine,formel,Centre,38000.0,36,0,-0.9493,-1.3666,-0.2784,-1.4234,0.3333,0.0605,0,38000.0
1419,25,M,urbaine,formel,Extrême-Nord,346000.0,33,0,-0.0078,2.7675,1.3921,-0.8191,0.4377,0.6806,0,286000.0
1420,20,F,semi_urbaine,informel,Extrême-Nord,139000.0,64,0,0.514,0.3124,0.0215,0.617,0.7591,0.2486,0,139000.0
1421,20,M,urbaine,formel,Sud,183000.0,1,0,1.5069,1.0544,-1.7661,-0.8644,0.3603,0.0587,0,183000.0
1422,20,M,urbaine,formel,Nord-Ouest,167000.0,42,0,0.1705,0.3949,1.0888,0.2596,0.4073,0.5897,0,144000.0
1423,29,M,semi_urbaine,informel,Adamaoua,148000.0,36,0,0.8008,0.4658,-0.6468,2.0292,0.6589,0.3565,0,148000.0
1424,33,M,urbaine,formel,Sud,65000.0,75,0,-0.7123,-0.9142,-0.1254,0.1706,0.352,0.3077,0,65000.0
1425,33,F,semi_urbaine,informel,Nord,79000.0,70,0,-1.1239,-0.8409,0.8638,-1.1535,0.7886,0.4805,0,70000.0
1426,23,M,semi_urbaine,formel,Est,175000.0,41,0,0.3038,0.7052,0.5143,-0.5468,0.6442,0.1594,0,162000.0
1427,19,M,urbaine,formel,Est,34000.0,25,0,-1.5537,-1.6709,0.9967,-0.2854,0.7415,0.1654,0,30000.0
1428,29,M,semi_urbaine,formel,Extrême-Nord,151000.0,23,0,-0.1077,0.2975,0.6441,-0.0522,0.3161,0.4518,0,138000.0
1429,18,F,semi_urbaine,formel,Extrême-Nord,148000.0,21,0,-0.7651,0.2358,0.6935,0.452,0.718,0.5323,0,134000.0
1430,29,M,semi_urbaine,formel,Littoral,138000.0,27,0,0.4549,0.2973,-0.6741,0.6124,0.5834,0.0835,0,138000.0
1431,24,F,semi_urbaine,formel,Sud-Ouest,131000.0,73,0,-0.2281,0.0489,0.4368,2.0305,0.7126,0.2556,0,123000.0
1432,33,F,semi_urbaine,informel,Littoral,60000.0,5,0,-0.2132,-0.9959,-0.8433,0.2963,0.8113,0.1097,0,60000.0
1433,29,F,urbaine,informel,Sud,40000.0,3,1,-3.6486,-1.822,2.189,-1.1522,0.6343,0.6502,1,30000.0
1434,31,M,urbaine,formel,Adamaoua,165000.0,52,0,2.077,0.7447,-1.3149,1.1538,0.4386,0.1372,0,165000.0
1435,25,F,semi_urbaine,informel,Ouest,107000.0,22,0,0.5688,-0.3001,0.2996,1.563,0.73,0.3545,0,102000.0
1436,33,F,semi_urbaine,informel,Est,37000.0,79,0,0.0872,-1.3753,-0.6582,0.5324,0.8033,0.1506,0,37000.0
1437,27,F,urbaine,informel,Littoral,124000.0,72,1,-0.3163,0.0625,-0.1421,-0.2464,0.4404,0.6146,1,124000.0
1438,29,M,semi_urbaine,formel,Centre,141000.0,74,0,0.6817,0.305,0.148,0.9225,0.673,0.1164,0,138000.0
1439,24,F,urbaine,formel,Est,128000.0,44,0,0.9551,0.139,-0.4343,-0.2111,0.4721,0.2039,0,128000.0
1440,26,M,semi_urbaine,formel,Littoral,36000.0,42,0,-1.9432,-1.5569,1.2537,-1.7557,0.5473,0.3098,0,30000.0
1441,33,M,semi_urbaine,formel,Nord-Ouest,207000.0,41,0,1.1748,1.2828,0.3311,0.8635,0.5209,0.2504,0,197000.0
1442,25,M,urbaine,formel,Nord-Ouest,82000.0,19,0,-0.1598,-0.6331,-0.3735,0.8923,0.447,0.1755,0,82000.0
1443,18,M,urbaine,informel,Nord,134000.0,54,0,-0.0928,0.0633,0.5342,1.4411,0.8387,0.4969,0,124000.0
1444,24,F,urbaine,informel,Centre,92000.0,83,0,-1.5724,-0.8083,1.9033,-0.7308,0.9181,0.6356,0,72000.0
1445,25,F,urbaine,formel,Nord,153000.0,25,1,-1.2287,0.2113,1.0323,0.2262,0.6169,0.3564,1,133000.0
1446,25,F,urbaine,informel,Centre,189000.0,6,0,1.6053,1.1523,-0.515,0.2478,0.6187,0.1637,0,189000.0
1447,19,M,urbaine,formel,Extrême-Nord,188000.0,54,0,1.0973,1.1316,-0.5618,0.0854,0.5942,0.0792,0,188000.0
1448,20,M,urbaine,informel,Adamaoua,220000.0,38,1,0.2565,1.13,1.1309,0.1149,0.7807,0.598,1,188000.0
1449,23,M,urbaine,informel,Est,160000.0,76,1,-0.3524,0.3304,0.9717,0.0371,0.5916,0.5108,1,140000.0
1450,25,F,urbaine,formel,Adamaoua,180000.0,82,0,0.8796,0.9961,-0.9868,0.2117,0.3178,0.1271,0,180000.0
1451,18,F,semi_urbaine,informel,Nord-Ouest,36000.0,91,0,-0.6875,-1.7811,1.4146,1.0407,0.8275,0.5576,0,30000.0
1452,25,F,semi_urbaine,informel,Adamaoua,101000.0,38,0,-0.0094,-0.3175,-0.22,1.5203,0.8545,0.2119,0,101000.0
1453,23,F,semi_urbaine,informel,Nord-Ouest,137000.0,86,0,-1.0253,-0.2249,1.9342,-0.4563,0.6519,0.8094,0,107000.0
1454,18,F,semi_urbaine,informel,Extrême-Nord,228000.0,12,1,-0.0294,1.2237,1.1845,0.1277,0.7755,0.6636,1,193000.0
1455,22,M,semi_urbaine,informel,Est,90000.0,36,0,-0.0399,-0.5062,-0.4615,-0.1226,0.8523,0.3621,0,90000.0
1456,22,F,urbaine,formel,Nord,172000.0,26,0,0.1792,0.8649,-0.4297,-0.5657,0.4969,0.188,0,172000.0
1457,20,M,semi_urbaine,formel,Sud-Ouest,170000.0,88,0,0.508,0.8258,-0.3879,-1.316,0.7927,0.3021,0,170000.0
1458,31,F,urbaine,informel,Est,211000.0,58,0,-0.0626,1.1577,0.7529,0.0242,0.4653,0.3608,0,189000.0
1459,19,F,urbaine,formel,Nord,148000.0,35,0,0.676,0.4663,-0.0488,0.4793,0.776,0.1878,0,148000.0
1460,28,M,urbaine,informel,Ouest,170000.0,15,0,0.7763,0.8278,-0.5506,-0.1551,0.4744,0.3146,0,170000.0
1461,29,M,semi_urbaine,formel,Littoral,54000.0,75,0,0.4793,-1.1049,-1.3271,0.291,0.336,0.1204,0,54000.0
1462,32,F,semi_urbaine,formel,Ouest,65000.0,63,0,-0.8024,-1.014,0.6592,0.7184,0.5508,0.293,0,59000.0
1463,27,F,urbaine,formel,Sud,32000.0,82,0,0.3055,-1.6833,0.3497,1.4111,0.3171,0.1662,0,30000.0
1464,27,F,urbaine,informel,Adamaoua,186000.0,42,0,-0.6097,0.786,0.7383,-0.4198,0.6639,0.3875,0,167000.0
1465,31,M,urbaine,formel,Littoral,207000.0,15,1,-0.5897,1.2737,0.3524,-1.1716,0.4085,0.1988,1,196000.0
1466,33,F,semi_urbaine,formel,Extrême-Nord,210000.0,32,0,1.0912,1.4968,-0.5138,0.2096,0.5255,0.3257,0,210000.0
1467,21,M,semi_urbaine,formel,Nord-Ouest,120000.0,59,0,0.4488,-0.0774,0.2929,2.1836,0.5446,0.3589,0,115000.0
1468,32,F,urbaine,informel,Adamaoua,127000.0,23,0,-2.2704,-0.5635,3.1743,-1.1609,0.6791,0.8018,0,86000.0
1469,26,M,urbaine,informel,Nord-Ouest,143000.0,7,0,-0.9253,-0.121,1.8025,0.6501,0.6398,0.4988,0,113000.0
1470,19,F,urbaine,formel,Littoral,243000.0,79,0,1.779,2.0437,-0.1584,1.1579,0.6499,0.129,0,243000.0
1471,29,M,urbaine,informel,Sud-Ouest,225000.0,51,0,0.3795,1.6938,0.1031,-2.3655,0.6325,0.224,0,222000.0
1472,35,M,semi_urbaine,formel,Est,204000.0,38,0,2.781,1.3938,-2.7777,0.7102,0.4136,0.0198,0,204000.0
1473,20,F,semi_urbaine,informel,Est,176000.0,53,0,0.2543,0.331,1.7019,0.9034,0.6659,0.7686,0,140000.0
1474,18,F,urbaine,formel,Extrême-Nord,268000.0,71,0,0.6995,1.9354,0.8873,-0.2673,0.5035,0.2533,0,236000.0
1475,34,M,urbaine,informel,Est,105000.0,1,1,-0.8481,-0.2558,0.0478,-0.6464,0.4581,0.6027,1,105000.0
1476,28,F,urbaine,informel,Extrême-Nord,97000.0,42,0,0.1849,-0.3909,-0.8321,-0.5907,0.4979,0.0899,0,97000.0
1477,21,F,urbaine,informel,Centre,112000.0,25,0,-0.9074,-0.129,-0.5029,-0.3286,0.762,0.0913,0,112000.0
1478,32,F,urbaine,formel,Est,104000.0,9,0,-0.7944,-0.3787,0.4887,-0.3021,0.2217,0.5381,0,97000.0
1479,25,F,urbaine,informel,Littoral,119000.0,4,0,-0.417,-0.175,0.5734,-0.4908,0.8135,0.5766,0,109000.0
1480,23,F,semi_urbaine,informel,Nord,64000.0,42,0,-1.209,-1.1174,1.3555,-0.0445,0.8195,0.5276,0,53000.0
1481,23,F,urbaine,informel,Ouest,201000.0,52,0,0.6451,1.025,0.7249,1.1908,0.6924,0.4703,0,182000.0
1482,28,F,urbaine,informel,Nord-Ouest,189000.0,49,0,-0.7359,0.5437,1.5742,-1.2144,0.5373,0.6594,0,153000.0
1483,20,F,urbaine,informel,Centre,237000.0,75,0,0.2285,1.4296,1.0273,-1.7491,0.7884,0.5016,0,206000.0
1484,24,F,urbaine,formel,Extrême-Nord,66000.0,44,0,-0.2199,-1.0293,0.9237,1.2068,0.4747,0.2233,0,58000.0
1485,23,F,semi_urbaine,informel,Adamaoua,234000.0,57,0,2.1743,1.9017,-1.44,0.108,0.7484,0.0222,0,234000.0
1486,19,M,urbaine,formel,Nord-Ouest,62000.0,78,0,0.1387,-0.9725,-1.126,-0.3882,0.5415,0.0562,0,62000.0
1487,31,F,semi_urbaine,informel,Nord,50000.0,63,1,-1.4438,-1.1983,0.2518,0.1888,0.5806,0.5784,1,48000.0
1488,18,F,semi_urbaine,formel,Adamaoua,140000.0,87,1,0.0621,-0.0208,1.1737,0.5093,0.4706,0.7047,1,119000.0
1489,35,F,urbaine,formel,Nord,302000.0,22,0,-0.2185,1.9077,1.9333,-0.5241,0.2637,0.5702,0,234000.0
1490,19,M,semi_urbaine,informel,Extrême-Nord,144000.0,75,0,0.3153,0.2256,0.5059,0.8059,0.8509,0.2461,0,134000.0
1491,24,F,semi_urbaine,informel,Sud,106000.0,67,0,-0.454,-0.2438,0.0488,-0.6623,0.8019,0.3123,0,105000.0
1492,19,F,urbaine,informel,Centre,72000.0,56,0,0.6897,-0.7926,-1.2917,-0.3018,0.8163,0.1302,0,72000.0
1493,24,F,urbaine,informel,Centre,46000.0,1,1,-2.6281,-1.3759,1.4804,-2.2147,0.5842,0.6666,1,37000.0
1494,28,F,semi_urbaine,formel,Littoral,224000.0,52,0,1.6766,1.7326,-0.4186,1.4722,0.6579,0.0394,0,224000.0
1495,19,F,semi_urbaine,formel,Est,298000.0,82,0,-0.8367,1.3986,3.0879,0.1239,0.6479,0.9669,0,204000.0
1496,27,F,urbaine,formel,Est,237000.0,62,0,1.9405,1.9525,-0.6718,0.6701,0.3382,0.227,0,237000.0
1497,31,M,urbaine,informel,Sud-Ouest,203000.0,1,0,-1.9419,0.3968,2.7415,0.4766,0.6812,0.7939,0,144000.0
1498,26,M,urbaine,informel,Est,36000.0,28,1,-1.9672,-2.6421,1.382,0.5498,0.6683,0.4533,1,30000.0
1499,20,F,semi_urbaine,informel,Centre,45000.0,55,0,-0.5382,-1.2446,-0.3739,0.2922,0.7718,0.3221,0,45000.0
1500,30,M,urbaine,informel,Est,167000.0,78,0,-0.1778,0.4649,0.8622,0.3882,0.6504,0.5183,0,148000.0
1501,21,M,urbaine,formel,Ouest,151000.0,43,0,-0.3571,0.2303,0.8681,-0.9613,0.4838,0.3862,0,134000.0
1502,18,F,semi_urbaine,informel,Centre,92000.0,82,0,-0.9408,-0.5588,0.4389,-0.8712,0.821,0.4183,0,86000.0
1503,25,F,semi_urbaine,informel,Nord-Ouest,66000.0,76,1,-0.9043,-1.1032,1.4903,0.1989,0.7614,0.568,0,54000.0
1504,22,F,semi_urbaine,informel,Nord,215000.0,26,0,-0.5311,0.9476,1.4546,-0.3798,0.693,0.6342,0,177000.0
1505,18,M,urbaine,formel,Ouest,203000.0,19,0,-0.1524,1.0562,0.7032,1.4255,0.5343,0.4424,0,183000.0
1506,31,F,urbaine,formel,Nord-Ouest,187000.0,86,0,1.4342,1.1012,0.0484,0.3751,0.3242,0.2591,0,186000.0
1507,28,M,semi_urbaine,formel,Nord,118000.0,56,0,0.7036,-0.0336,-1.0821,-0.4165,0.4642,0.1092,0,118000.0
1508,34,F,semi_urbaine,formel,Nord-Ouest,167000.0,81,0,0.79,0.7763,0.0255,0.0285,0.5116,0.3914,0,167000.0
1509,26,M,urbaine,informel,Littoral,45000.0,88,0,-0.5362,-1.3378,0.8261,0.133,0.7503,0.2289,0,40000.0
1510,25,M,semi_urbaine,formel,Centre,148000.0,41,0,1.9067,0.4702,-1.7488,0.232,0.6363,0.0338,0,148000.0
1511,33,F,urbaine,informel,Nord,34000.0,5,1,-1.8965,-2.5279,0.7809,0.2717,0.5583,0.4301,1,30000.0
1512,19,F,urbaine,informel,Extrême-Nord,32000.0,87,0,-0.652,-1.5681,0.536,0.0687,0.664,0.2778,0,30000.0
1513,24,M,urbaine,informel,Ouest,101000.0,56,1,0.0166,-0.3223,-0.6459,-1.3907,0.7536,0.1396,0,101000.0
1514,32,F,urbaine,formel,Littoral,299000.0,12,0,0.8385,2.9751,-0.2984,-2.1509,0.1729,0.3109,0,299000.0
1515,23,F,urbaine,formel,Nord-Ouest,48000.0,51,1,-1.1551,-1.2007,-0.1954,-0.3736,0.5822,0.1729,1,48000.0
1516,33,M,semi_urbaine,formel,Sud-Ouest,106000.0,3,1,-1.4383,-0.6436,1.9948,0.8605,0.3237,0.3538,1,81000.0
1517,23,F,urbaine,formel,Sud-Ouest,176000.0,28,0,0.5768,0.8168,0.2832,-0.3624,0.3155,0.2143,0,169000.0
1518,25,F,urbaine,formel,Ouest,306000.0,34,0,1.1436,2.3694,1.1168,1.2366,0.4036,0.4354,0,262000.0
1519,34,F,urbaine,informel,Centre,143000.0,44,0,-0.602,0.2022,0.5472,-0.0469,0.8252,0.3814,0,132000.0
1520,22,F,urbaine,formel,Centre,198000.0,54,0,2.6181,1.3021,-1.7357,1.3572,0.6911,0.0739,0,198000.0
1521,35,M,urbaine,formel,Extrême-Nord,151000.0,80,0,0.1464,0.2624,0.7667,1.1519,0.4717,0.4194,0,136000.0
1522,18,M,urbaine,formel,Centre,125000.0,34,0,-0.108,0.0894,-0.5444,1.0513,0.5691,0.1332,0,125000.0
1523,22,F,urbaine,informel,Ouest,130000.0,70,1,0.0637,0.0822,0.2612,-1.2035,0.4839,0.1853,1,125000.0
1524,28,F,semi_urbaine,informel,Est,81000.0,90,1,-0.0733,-0.6583,-0.3943,0.3171,0.7933,0.1653,0,81000.0
1525,28,M,semi_urbaine,informel,Nord,181000.0,72,0,1.2389,0.7243,0.7187,1.5228,0.7295,0.3259,0,163000.0
1526,34,F,urbaine,informel,Nord-Ouest,38000.0,25,0,-1.4707,-1.6063,1.6681,0.2723,0.5146,0.5818,0,30000.0
1527,35,F,semi_urbaine,informel,Nord,215000.0,65,1,-0.1541,0.89,1.5832,0.8544,0.7523,0.6984,0,173000.0
1528,30,F,semi_urbaine,informel,Est,163000.0,27,1,-1.5636,0.0393,2.231,-1.0879,0.724,0.7774,1,122000.0
1529,29,F,semi_urbaine,formel,Adamaoua,183000.0,46,0,0.6534,0.3853,1.8646,2.2188,0.6831,0.7053,0,143000.0
1530,23,M,semi_urbaine,informel,Sud-Ouest,30000.0,61,0,0.2955,-1.643,-1.423,-0.4914,0.6143,0.0751,0,30000.0
1531,32,F,semi_urbaine,informel,Extrême-Nord,61000.0,28,0,-0.7075,-0.9798,-0.541,-1.6944,0.7633,0.3585,0,61000.0
1532,29,F,semi_urbaine,formel,Sud-Ouest,228000.0,1,0,2.7772,1.7987,-1.7135,-0.0511,0.4735,0.0803,0,228000.0
1533,18,M,semi_urbaine,informel,Est,128000.0,80,0,-1.2575,-0.2086,1.2922,-2.1475,0.8014,0.5573,0,107000.0
1534,32,F,urbaine,informel,Nord,137000.0,70,0,0.2407,0.2784,-0.0601,-1.0851,0.665,0.3336,0,137000.0
1535,24,M,semi_urbaine,informel,Adamaoua,69000.0,12,1,-0.2218,-0.8795,0.1506,2.8585,0.6987,0.2193,0,67000.0
1536,26,F,urbaine,formel,Extrême-Nord,154000.0,36,0,-0.3689,0.5709,-0.1208,-0.38,0.4789,0.0645,0,154000.0
1537,26,F,semi_urbaine,informel,Extrême-Nord,44000.0,25,1,-1.9021,-1.3722,1.0372,-1.1278,0.7733,0.394,1,38000.0
1538,32,F,urbaine,informel,Nord,126000.0,93,0,0.908,0.0999,-0.8752,0.0253,0.5506,0.2076,0,126000.0
1539,22,M,urbaine,formel,Adamaoua,178000.0,90,1,1.3656,0.9706,-1.1722,-0.8978,0.4332,0.0906,1,178000.0
1540,25,M,urbaine,formel,Nord-Ouest,178000.0,66,0,0.3372,0.9206,0.0908,0.8645,0.4475,0.2141,0,175000.0
1541,18,F,urbaine,formel,Adamaoua,121000.0,42,0,-0.9598,-0.3036,1.2846,-0.8895,0.4295,0.3424,0,102000.0
1542,24,F,urbaine,formel,Adamaoua,137000.0,5,1,-0.3392,0.2579,0.0698,0.2707,0.4759,0.0824,1,135000.0
1543,19,F,urbaine,informel,Littoral,152000.0,24,0,0.1511,0.5372,-0.1525,-1.1471,0.6958,0.4299,0,152000.0
1544,28,M,urbaine,informel,Adamaoua,107000.0,9,0,1.7228,-0.2114,-1.5304,2.599,0.5893,0.0757,0,107000.0
1545,34,F,urbaine,formel,Adamaoua,161000.0,76,0,-0.2577,0.3127,1.0706,0.5036,0.5894,0.3557,0,139000.0
1546,26,M,urbaine,formel,Ouest,270000.0,9,0,1.1448,2.5035,-0.6339,-0.1455,0.5102,0.0933,0,270000.0
1547,34,M,semi_urbaine,informel,Est,63000.0,65,0,0.4881,-0.951,-0.5063,0.007,0.7058,0.3312,0,63000.0
1548,35,M,urbaine,formel,Sud,221000.0,91,0,2.3301,1.6804,-1.6348,-0.5536,0.4028,0.096,0,221000.0
1549,18,F,urbaine,informel,Nord,51000.0,30,0,-0.3768,-1.1547,-0.8152,-0.7609,0.6193,0.09,0,51000.0
1550,27,F,urbaine,formel,Ouest,195000.0,65,0,1.6374,1.2548,-0.8818,-0.7884,0.3969,0.1986,0,195000.0
1551,27,F,urbaine,formel,Nord,198000.0,84,0,1.5865,1.3082,-0.1567,1.6783,0.411,0.1783,0,198000.0
1552,24,M,urbaine,informel,Centre,89000.0,41,0,-0.3077,-0.5104,-0.5999,-0.5526,0.544,0.1294,0,89000.0
1553,32,M,semi_urbaine,formel,Extrême-Nord,87000.0,43,0,-1.4164,-0.6175,0.3067,-1.8294,0.6052,0.2315,0,83000.0
1554,25,M,semi_urbaine,informel,Nord-Ouest,32000.0,20,0,-1.7321,-1.9704,0.4041,-0.866,0.7528,0.2486,0,30000.0
1555,18,F,urbaine,formel,Extrême-Nord,161000.0,41,0,-0.8451,-0.0151,2.3181,0.9277,0.4806,0.4984,0,119000.0
1556,27,F,semi_urbaine,informel,Sud,152000.0,83,0,1.6799,0.5262,-1.0576,0.0477,0.7341,0.1845,0,152000.0
1557,21,M,urbaine,informel,Nord,62000.0,64,0,-0.9844,-1.0776,0.8445,-0.1341,0.9153,0.408,0,55000.0
1558,24,M,urbaine,informel,Nord-Ouest,141000.0,20,1,0.2322,0.0969,0.797,1.1698,0.6151,0.5219,1,126000.0
1559,27,M,urbaine,formel,Adamaoua,67000.0,51,0,-0.1354,-0.8764,-0.9855,-0.7772,0.2254,0.1177,0,67000.0
1560,31,M,urbaine,informel,Centre,117000.0,68,0,-0.4688,-0.2339,0.6836,0.6324,0.4419,0.4861,0,106000.0
1561,23,F,semi_urbaine,informel,Nord,62000.0,8,1,-2.2633,-1.147,1.4415,-0.3679,0.8597,0.2829,1,51000.0
1562,24,F,semi_urbaine,formel,Est,157000.0,73,0,0.4012,0.522,0.2491,0.8759,0.7628,0.1686,0,151000.0
1563,19,F,semi_urbaine,formel,Adamaoua,154000.0,20,0,-1.4584,0.0989,1.5006,-0.0911,0.5807,0.5968,0,126000.0
1564,24,M,urbaine,informel,Est,49000.0,28,0,0.8354,-1.1904,-1.516,-0.2415,0.8084,0.0419,0,49000.0
1565,28,M,semi_urbaine,formel,Littoral,116000.0,40,0,0.8761,-0.0589,-0.7069,1.1201,0.6764,0.1529,0,116000.0
1566,29,F,urbaine,informel,Sud-Ouest,84000.0,48,1,-1.5346,-0.9342,2.1014,0.748,0.6315,0.5142,1,64000.0
1567,23,M,urbaine,informel,Littoral,51000.0,88,0,-0.787,-1.3139,1.5458,-0.1654,0.6689,0.5989,0,41000.0
1568,19,M,urbaine,formel,Adamaoua,242000.0,22,0,-0.2077,1.6827,0.6484,-0.4716,0.5392,0.5621,0,221000.0
1569,28,M,semi_urbaine,informel,Sud,126000.0,25,1,-0.9137,-0.3602,1.9025,1.8991,0.8462,0.7644,1,98000.0
1570,29,M,semi_urbaine,informel,Ouest,30000.0,36,0,0.5166,-2.2022,-1.2551,0.8893,0.8072,0.0377,0,30000.0
1571,19,F,urbaine,formel,Centre,134000.0,82,0,-0.4677,-0.0233,0.8821,-0.3911,0.4325,0.5007,0,119000.0
1572,27,F,urbaine,informel,Nord-Ouest,219000.0,92,1,0.4645,0.9147,1.6941,-0.6531,0.6486,0.8345,0,175000.0
1573,19,M,semi_urbaine,formel,Adamaoua,110000.0,44,0,0.9011,-0.1614,-0.4907,1.3249,0.8399,0.4841,0,110000.0
1574,26,M,semi_urbaine,formel,Adamaoua,348000.0,66,0,0.2201,2.0977,2.7565,0.4154,0.6362,0.8124,0,246000.0
1575,29,F,urbaine,informel,Est,77000.0,88,0,-0.2592,-0.8567,0.8452,-0.1636,0.7442,0.2577,0,69000.0
1576,30,F,semi_urbaine,formel,Adamaoua,186000.0,81,0,2.1938,1.1034,-2.065,0.415,0.6387,0.0523,0,186000.0
1577,30,M,semi_urbaine,informel,Nord-Ouest,211000.0,65,0,0.0922,1.0366,1.0397,0.6378,0.7919,0.7096,0,182000.0
1578,31,M,semi_urbaine,formel,Adamaoua,183000.0,52,0,1.0223,1.0502,-0.6039,0.2433,0.5796,0.1239,0,183000.0
1579,22,F,urbaine,informel,Est,48000.0,94,0,-1.5133,-1.3745,1.8227,1.2037,0.7884,0.7801,0,38000.0
1580,33,M,semi_urbaine,formel,Sud-Ouest,110000.0,23,0,-0.257,-0.3425,0.6752,1.5593,0.6363,0.2322,0,99000.0
1581,24,F,urbaine,informel,Nord-Ouest,192000.0,35,0,0.7222,1.1701,0.0456,0.5319,0.7175,0.324,0,190000.0
1582,24,F,semi_urbaine,informel,Adamaoua,95000.0,68,0,-0.4551,-0.8046,2.1507,1.6747,0.7414,0.364,0,72000.0
1583,32,M,urbaine,informel,Littoral,221000.0,2,0,-0.4383,0.9757,1.5742,0.0085,0.674,0.4617,0,179000.0
1584,23,F,urbaine,informel,Extrême-Nord,94000.0,48,0,0.9767,-0.4303,-0.1899,0.6903,0.6899,0.236,0,94000.0
1585,19,M,urbaine,informel,Nord,138000.0,82,0,-0.4483,0.1414,0.4865,1.0045,0.6927,0.3143,0,128000.0
1586,30,F,urbaine,informel,Littoral,43000.0,17,1,-1.741,-1.3861,1.1918,1.019,0.8743,0.3301,1,37000.0
1587,29,M,urbaine,informel,Littoral,86000.0,77,0,-0.1061,-0.6083,0.2289,0.916,0.466,0.2509,0,84000.0
1588,28,F,urbaine,informel,Littoral,71000.0,40,0,0.0542,-0.8753,0.3174,0.6312,0.7588,0.3737,0,67000.0
1589,20,M,urbaine,informel,Adamaoua,147000.0,82,0,0.5148,0.2256,0.6613,1.9571,0.6229,0.3878,0,134000.0
1590,29,F,urbaine,informel,Nord-Ouest,126000.0,61,0,-0.2636,0.0932,-0.4322,-0.5397,0.668,0.2055,0,126000.0
1591,21,M,semi_urbaine,formel,Littoral,184000.0,15,0,1.6031,1.0626,-2.0591,0.1448,0.8681,0.0621,0,184000.0
1592,27,F,semi_urbaine,informel,Extrême-Nord,102000.0,70,0,-1.0251,-0.4905,0.8779,0.0855,0.694,0.3975,0,91000.0
1593,27,F,semi_urbaine,informel,Extrême-Nord,64000.0,6,0,-0.4301,-0.9302,-1.3452,-0.0681,0.7187,0.1986,0,64000.0
1594,31,F,urbaine,formel,Sud,167000.0,24,0,0.985,0.7827,-0.91,-1.9888,0.4153,0.0622,0,167000.0
1595,35,M,urbaine,formel,Extrême-Nord,94000.0,85,0,1.3409,-0.4296,-1.7134,1.3749,0.2911,0.1564,0,94000.0
1596,21,F,semi_urbaine,informel,Est,185000.0,84,0,1.264,1.0784,-0.9735,-0.726,0.8746,0.23,0,185000.0
1597,20,M,urbaine,formel,Sud,161000.0,5,0,-0.2482,0.4855,0.5147,0.1698,0.4418,0.2592,0,149000.0
1598,28,M,urbaine,formel,Extrême-Nord,136000.0,37,0,-0.3255,0.2739,-0.1176,-1.4219,0.5234,0.1709,0,136000.0
1599,35,M,semi_urbaine,formel,Sud,184000.0,9,0,0.4619,1.0622,-0.1844,0.9207,0.3702,0.2072,0,184000.0
1600,20,M,semi_urbaine,formel,Nord,151000.0,26,0,0.6687,0.5236,-1.2293,-0.4854,0.4329,0.1143,0,151000.0
1601,26,F,urbaine,informel,Adamaoua,30000.0,92,0,-0.7955,-1.6581,-0.0259,-1.136,0.65,0.4094,0,30000.0
1602,25,M,semi_urbaine,informel,Sud-Ouest,65000.0,19,1,-0.6515,-1.0614,1.0048,0.4943,0.6416,0.289,1,56000.0
1603,23,M,urbaine,informel,Nord-Ouest,200000.0,61,0,0.4497,1.0577,0.6141,-0.7007,0.831,0.4539,0,183000.0
1604,29,F,semi_urbaine,informel,Extrême-Nord,152000.0,77,0,-1.129,0.0839,1.4457,-0.2742,0.615,0.2751,0,125000.0
1605,23,F,urbaine,informel,Extrême-Nord,37000.0,84,1,-1.1928,-1.6816,1.5807,0.1718,0.578,0.5784,1,30000.0
1606,26,M,urbaine,formel,Nord-Ouest,177000.0,34,0,0.9689,0.9521,-0.1502,0.8,0.51,0.3629,0,177000.0
1607,33,F,semi_urbaine,informel,Nord-Ouest,86000.0,67,0,0.1984,-0.5593,-1.214,-0.5184,0.6914,0.0501,0,86000.0
1608,24,M,urbaine,formel,Sud,104000.0,46,0,0.0649,-0.2745,-0.6971,-0.9912,0.2975,0.0528,0,104000.0
1609,18,F,semi_urbaine,formel,Extrême-Nord,88000.0,11,0,-0.2173,-0.5449,0.0719,0.3235,0.8481,0.2492,0,87000.0
1610,33,F,urbaine,informel,Sud,180000.0,22,0,0.7064,0.9999,-0.1765,0.5393,0.4998,0.4191,0,180000.0
1611,22,M,semi_urbaine,informel,Nord,30000.0,72,0,0.0601,-1.9655,-0.3952,1.7628,0.7971,0.2386,0,30000.0
1612,31,F,semi_urbaine,formel,Nord-Ouest,109000.0,66,1,-0.6295,-0.2375,0.1778,-0.7713,0.5404,0.0926,1,106000.0
1613,31,M,urbaine,informel,Adamaoua,186000.0,50,1,-1.105,0.1201,3.0734,-0.318,0.7154,0.6805,1,127000.0
1614,27,M,semi_urbaine,informel,Nord-Ouest,220000.0,75,0,0.6946,1.5784,0.1762,1.4758,0.8222,0.3137,0,215000.0
1615,19,F,urbaine,formel,Nord-Ouest,192000.0,66,0,1.5197,1.1539,0.08,1.9731,0.4142,0.1261,0,189000.0
1616,35,F,urbaine,formel,Adamaoua,105000.0,33,0,0.395,-0.246,-1.2425,-0.9931,0.3476,0.0882,0,105000.0
1617,30,M,urbaine,formel,Nord,297000.0,28,0,0.2842,2.1294,1.323,-0.7388,0.3981,0.5021,0,248000.0
1618,25,M,semi_urbaine,informel,Centre,48000.0,90,1,-1.4168,-1.3551,1.5449,0.6811,0.8508,0.5241,1,39000.0
1619,33,F,semi_urbaine,formel,Nord,195000.0,93,0,0.5808,0.8653,0.8868,-0.2777,0.4051,0.6427,0,172000.0
1620,32,M,semi_urbaine,informel,Nord-Ouest,195000.0,3,0,-1.366,0.4878,2.0388,-0.4592,0.895,0.7666,0,149000.0
1621,31,F,semi_urbaine,formel,Adamaoua,103000.0,76,1,-0.009,-0.2811,-0.333,0.5445,0.4718,0.2947,1,103000.0
1622,21,F,semi_urbaine,informel,Sud,171000.0,13,0,0.1493,0.6976,0.361,1.8494,0.8169,0.4693,0,162000.0
1623,29,M,urbaine,informel,Nord-Ouest,120000.0,82,0,-1.768,-0.5139,2.3125,-1.3095,0.5133,0.7293,0,89000.0
1624,23,F,semi_urbaine,informel,Centre,193000.0,56,0,-0.3348,0.6951,1.27,1.7983,0.6866,0.5066,0,162000.0
1625,19,M,urbaine,formel,Extrême-Nord,46000.0,66,0,1.234,-1.2396,-2.1375,-0.5748,0.4084,0.0322,0,46000.0
1626,24,M,urbaine,informel,Extrême-Nord,163000.0,67,0,0.1725,0.335,1.0704,0.3458,0.578,0.592,0,140000.0
1627,19,M,urbaine,informel,Sud,96000.0,58,0,0.9771,-0.4121,0.0546,1.5909,0.6813,0.2073,0,95000.0
1628,19,M,urbaine,formel,Nord-Ouest,258000.0,24,0,0.9692,1.7497,0.9773,0.3253,0.3958,0.649,0,225000.0
1629,31,F,urbaine,formel,Sud-Ouest,165000.0,77,0,-0.0083,0.556,0.5089,-0.2975,0.5036,0.2159,0,153000.0
1630,27,F,urbaine,formel,Sud,231000.0,53,0,1.9688,1.8492,-1.6693,0.7182,0.3563,0.0645,0,231000.0
1631,25,M,urbaine,formel,Extrême-Nord,196000.0,52,0,-0.5588,1.1076,0.3406,-0.1732,0.3589,0.244,0,186000.0
1632,21,M,urbaine,formel,Nord-Ouest,155000.0,31,0,0.0215,0.4725,0.3008,0.5214,0.451,0.2142,0,148000.0
1633,31,F,semi_urbaine,formel,Ouest,219000.0,1,0,0.8692,1.3877,0.4999,0.0953,0.682,0.6114,0,203000.0
1634,29,M,semi_urbaine,formel,Nord,225000.0,53,0,0.4529,1.3941,0.6972,1.1612,0.6084,0.2817,0,204000.0
1635,28,F,urbaine,informel,Sud-Ouest,196000.0,33,0,-1.5638,0.4719,2.1259,-1.3942,0.6495,0.6749,0,148000.0
1636,21,M,urbaine,formel,Ouest,32000.0,63,0,-1.5745,-1.6923,0.4795,-1.0135,0.3282,0.2198,0,30000.0
1637,20,F,urbaine,formel,Nord,98000.0,35,1,-0.5908,-0.3826,0.0966,-1.4089,0.3686,0.2335,1,97000.0
1638,20,M,urbaine,informel,Nord,257000.0,93,0,0.4441,1.3841,1.7626,-0.0564,0.573,0.6284,0,203000.0
1639,18,F,semi_urbaine,formel,Nord,110000.0,65,1,-2.5741,-0.6559,2.4017,-1.2295,0.7947,0.5473,1,81000.0
1640,35,F,urbaine,formel,Sud-Ouest,240000.0,44,0,-0.4799,1.4825,1.005,-0.6918,0.4498,0.343,0,209000.0
1641,24,M,semi_urbaine,formel,Sud,208000.0,68,0,0.9701,1.3065,0.3097,-0.8075,0.5173,0.3418,0,198000.0
1642,29,F,semi_urbaine,formel,Extrême-Nord,121000.0,62,0,0.5309,-0.1258,0.5351,1.7797,0.5128,0.4496,0,112000.0
1643,35,F,urbaine,informel,Nord,34000.0,59,1,-1.8751,-1.9952,0.8571,-0.9907,0.5052,0.4466,1,30000.0
1644,34,M,semi_urbaine,formel,Adamaoua,124000.0,55,0,0.3527,0.0311,0.1048,-0.9865,0.4314,0.2368,0,122000.0
1645,23,F,urbaine,formel,Sud-Ouest,376000.0,89,0,-0.05,2.678,2.2733,0.2483,0.5408,0.6293,0,281000.0
1646,26,F,semi_urbaine,informel,Nord-Ouest,68000.0,31,0,0.4586,-0.8633,-0.0957,1.9868,0.7667,0.1998,0,68000.0
1647,26,F,semi_urbaine,informel,Littoral,92000.0,42,0,-1.4963,-0.7943,1.8379,0.1839,0.9148,0.5256,0,72000.0
1648,18,M,semi_urbaine,formel,Littoral,97000.0,25,1,-0.0365,-0.3976,0.0322,0.2613,0.79,0.0993,1,96000.0
1649,31,M,semi_urbaine,formel,Sud-Ouest,229000.0,55,0,1.479,1.8148,-1.3374,1.5908,0.7153,0.0509,0,229000.0
1650,28,M,semi_urbaine,informel,Nord,113000.0,94,1,0.156,-0.2429,0.4782,1.1782,0.8323,0.4932,1,105000.0
1651,24,F,semi_urbaine,informel,Sud-Ouest,84000.0,58,0,0.1794,-0.6259,0.1065,0.7254,0.7665,0.2389,0,82000.0
1652,28,F,urbaine,informel,Littoral,242000.0,20,0,-0.2966,1.4135,1.2224,-0.5823,0.7242,0.4732,0,205000.0
1653,31,F,semi_urbaine,formel,Sud-Ouest,196000.0,88,0,1.4749,1.1795,0.1959,0.756,0.523,0.207,0,191000.0
1654,18,M,semi_urbaine,formel,Extrême-Nord,101000.0,76,0,0.6699,-0.3193,-0.8581,-1.0608,0.8198,0.2099,0,101000.0
1655,29,F,urbaine,formel,Nord-Ouest,102000.0,42,1,-1.8045,-0.6236,1.5678,-0.6237,0.4839,0.3903,1,83000.0
1656,33,F,semi_urbaine,informel,Ouest,239000.0,14,0,0.2289,1.1582,1.7449,1.7315,0.774,0.6763,0,189000.0
1657,31,M,urbaine,informel,Nord,161000.0,39,0,-1.3012,0.0168,2.2166,1.302,0.6525,0.7219,0,121000.0
1658,29,M,urbaine,formel,Sud,67000.0,77,0,-0.3684,-0.9491,0.3663,0.4375,0.6464,0.283,0,63000.0
1659,19,M,urbaine,informel,Sud,33000.0,55,0,-1.5687,-1.7831,0.5767,-1.9294,0.5621,0.4172,0,30000.0
1660,31,F,urbaine,formel,Nord-Ouest,100000.0,18,1,-1.5803,-0.516,0.832,-1.2082,0.6424,0.3736,1,89000.0
1661,31,M,semi_urbaine,informel,Nord,46000.0,16,0,-0.6952,-1.2395,0.0716,-0.3795,0.7453,0.387,0,46000.0
1662,26,M,urbaine,informel,Extrême-Nord,33000.0,92,1,-1.4726,-2.0461,0.7316,-0.1717,0.5076,0.4112,1,30000.0
1663,28,F,urbaine,informel,Adamaoua,58000.0,43,1,-1.4306,-1.0995,0.4387,-1.2504,0.5721,0.6086,1,54000.0
1664,29,M,urbaine,formel,Ouest,101000.0,66,0,1.0001,-0.3191,-1.4108,-0.2463,0.2512,0.0729,0,101000.0
1665,20,M,urbaine,informel,Adamaoua,103000.0,35,0,-0.5292,-0.4627,0.7833,1.7673,0.7791,0.2113,0,92000.0
1666,22,F,semi_urbaine,formel,Nord,258000.0,9,0,1.1355,2.2929,-0.3386,0.7008,0.5119,0.2276,0,258000.0
1667,32,M,semi_urbaine,informel,Nord,110000.0,40,0,0.1298,-0.2668,0.4118,0.5188,0.7717,0.4027,0,104000.0
1668,35,M,urbaine,formel,Extrême-Nord,156000.0,66,0,-0.167,0.4324,0.4688,-1.0176,0.5251,0.2976,0,146000.0
1669,22,M,urbaine,informel,Extrême-Nord,193000.0,32,0,-1.934,0.5093,1.8985,-1.639,0.6296,0.6348,0,151000.0
1670,25,M,urbaine,formel,Sud,142000.0,58,0,0.6905,0.3627,-0.7621,-1.2282,0.4335,0.0372,0,142000.0
1671,34,M,semi_urbaine,formel,Ouest,180000.0,42,0,0.1386,1.0002,-0.2603,-1.3794,0.3811,0.0628,0,180000.0
1672,20,M,urbaine,formel,Centre,173000.0,33,0,0.3451,0.8806,-0.6731,0.075,0.4599,0.2855,0,173000.0
1673,22,F,urbaine,formel,Est,163000.0,25,0,-0.0917,0.7226,-0.6746,0.3839,0.7779,0.0946,0,163000.0
1674,19,M,urbaine,formel,Adamaoua,322000.0,25,0,2.0349,3.3665,-0.4722,-0.9653,0.612,0.2413,0,322000.0
1675,22,M,urbaine,informel,Adamaoua,186000.0,25,1,-0.1355,0.9111,0.4387,0.1479,0.6757,0.1726,1,175000.0
1676,29,M,urbaine,formel,Sud,100000.0,69,0,-0.4967,-0.4817,0.658,1.469,0.3607,0.2082,0,91000.0
1677,24,F,urbaine,formel,Adamaoua,189000.0,33,0,1.0401,0.9702,0.4144,1.9577,0.4697,0.3729,0,178000.0
1678,35,F,semi_urbaine,formel,Sud-Ouest,108000.0,71,0,1.2509,-0.1917,-0.947,1.0704,0.5494,0.0985,0,108000.0
1679,34,M,semi_urbaine,formel,Centre,221000.0,30,0,-0.5846,1.0463,1.392,0.1252,0.4893,0.5684,0,183000.0
1680,34,M,urbaine,informel,Littoral,46000.0,32,0,-1.196,-1.3752,1.5794,0.7381,0.6752,0.6019,0,37000.0
1681,31,M,semi_urbaine,informel,Ouest,54000.0,88,0,1.0752,-1.1078,-0.268,1.6518,0.666,0.2033,0,54000.0
1682,30,F,semi_urbaine,formel,Nord,211000.0,84,0,-0.052,0.9439,1.3152,-1.7072,0.4553,0.3718,0,177000.0
1683,27,F,urbaine,informel,Est,206000.0,39,0,0.8147,0.9977,0.9685,1.4821,0.7079,0.3005,0,180000.0
1684,35,M,urbaine,informel,Nord,160000.0,26,0,-0.1336,0.5026,0.436,-0.5446,0.4623,0.5582,0,150000.0
1685,19,F,urbaine,informel,Extrême-Nord,197000.0,68,0,-0.3097,0.8541,1.0163,-0.535,0.791,0.7016,0,171000.0
1686,31,M,semi_urbaine,formel,Ouest,181000.0,7,0,0.2294,0.9738,0.0871,-0.0549,0.5645,0.1365,0,178000.0
1687,20,F,urbaine,formel,Extrême-Nord,181000.0,44,0,0.3239,0.7725,0.6037,0.3201,0.293,0.1948,0,166000.0
1688,24,F,semi_urbaine,informel,Sud,101000.0,57,1,-1.3832,-0.5037,0.8495,-0.8113,0.8107,0.3908,1,90000.0
1689,22,M,urbaine,informel,Littoral,175000.0,65,0,0.059,0.813,0.2638,-0.2848,0.506,0.3639,0,169000.0
1690,28,F,urbaine,informel,Sud-Ouest,181000.0,11,1,0.8401,1.0249,-1.3791,0.5253,0.7337,0.087,1,181000.0
1691,32,M,semi_urbaine,informel,Littoral,137000.0,1,0,-0.7404,-0.0631,1.1737,0.5186,0.7328,0.5881,0,116000.0
1692,19,M,urbaine,formel,Adamaoua,149000.0,27,0,0.4538,0.4831,-0.2278,0.3808,0.7295,0.1773,0,149000.0
1693,28,M,semi_urbaine,informel,Nord-Ouest,262000.0,12,0,-0.4293,1.5914,1.4496,-0.024,0.8584,0.5587,0,215000.0
1694,21,F,semi_urbaine,informel,Est,139000.0,49,0,-0.0488,-0.0204,1.1267,0.9937,0.7251,0.8118,0,119000.0
1695,19,F,semi_urbaine,formel,Adamaoua,161000.0,88,0,0.8322,0.6757,-0.2647,1.3564,0.4149,0.1355,0,161000.0
1696,25,M,urbaine,informel,Ouest,186000.0,28,1,-0.7536,0.4842,1.6422,0.9964,0.5961,0.8118,1,149000.0
1697,28,F,semi_urbaine,formel,Nord-Ouest,157000.0,44,0,0.6087,0.5022,0.2927,0.7276,0.4393,0.458,0,150000.0
1698,21,F,urbaine,informel,Littoral,80000.0,21,1,-0.451,-0.8203,0.8356,0.9389,0.8597,0.5136,1,71000.0
1699,25,F,urbaine,informel,Est,153000.0,5,0,-0.3388,0.378,0.4982,0.8711,0.6817,0.1535,0,143000.0
1700,35,M,semi_urbaine,informel,Nord-Ouest,159000.0,67,0,-0.2996,-0.0388,2.3471,2.9765,0.8176,0.756,0,118000.0
1701,24,F,semi_urbaine,informel,Extrême-Nord,231000.0,25,0,1.1037,1.8422,-0.0575,1.5181,0.7786,0.2041,0,231000.0
1702,35,F,urbaine,formel,Est,203000.0,52,0,0.8636,1.3884,-0.2498,-0.0887,0.3644,0.1805,0,203000.0
1703,33,M,urbaine,formel,Adamaoua,120000.0,65,0,0.6153,0.0045,-1.1579,-0.9117,0.3974,0.0483,0,120000.0
1704,24,F,semi_urbaine,formel,Adamaoua,226000.0,80,0,0.6359,1.3291,0.875,0.0389,0.7414,0.4853,0,200000.0
1705,28,M,semi_urbaine,formel,Littoral,174000.0,18,1,0.7267,0.9079,-0.4566,-0.0318,0.6277,0.246,1,174000.0
1706,30,M,urbaine,formel,Centre,235000.0,56,0,1.613,1.9094,-0.4093,0.5114,0.3039,0.2756,0,235000.0
1707,26,M,semi_urbaine,formel,Est,125000.0,87,0,0.0221,0.0755,-0.3617,-0.4003,0.7764,0.1353,0,125000.0
1708,25,M,urbaine,formel,Ouest,171000.0,46,0,0.8596,0.7887,0.1488,1.1922,0.4305,0.1416,0,167000.0
1709,23,F,urbaine,formel,Sud-Ouest,150000.0,4,0,0.5252,0.5009,-1.1654,-1.3896,0.4269,0.1055,0,150000.0
1710,20,F,semi_urbaine,formel,Centre,160000.0,25,0,1.411,0.6585,-2.1804,-1.3325,0.314,0.099,0,160000.0
1711,18,F,semi_urbaine,informel,Extrême-Nord,78000.0,76,0,-1.1586,-0.8852,1.1321,0.1649,0.8718,0.5151,0,67000.0
1712,24,F,urbaine,formel,Adamaoua,191000.0,76,0,2.1254,1.1759,-2.016,-0.8426,0.4876,0.055,0,191000.0
1713,32,M,urbaine,informel,Adamaoua,177000.0,30,1,-1.5827,0.418,1.4825,-1.2582,0.6418,0.5482,1,145000.0
1714,22,M,urbaine,informel,Sud,262000.0,19,0,-1.1004,1.2852,2.1906,-0.6371,0.6604,0.6614,0,197000.0
1715,21,M,semi_urbaine,informel,Extrême-Nord,128000.0,28,1,-0.6175,-0.01,0.4899,-0.4615,0.7707,0.4591,1,119000.0
1716,23,M,urbaine,formel,Sud,159000.0,24,0,-1.2856,0.1882,1.387,0.0101,0.4375,0.4712,0,131000.0
1717,28,M,urbaine,formel,Sud-Ouest,206000.0,71,0,0.59,1.3893,0.0757,-0.6205,0.4996,0.271,0,203000.0
1718,21,F,semi_urbaine,informel,Sud,97000.0,80,0,-1.551,-0.7942,2.2713,-0.2391,0.8605,0.7939,0,72000.0
1719,21,F,urbaine,informel,Est,190000.0,5,0,-0.4003,1.085,0.1811,-0.0049,0.6866,0.3479,0,185000.0
1720,20,M,urbaine,formel,Ouest,221000.0,71,0,2.5883,1.6828,-2.24,1.0142,0.6243,0.0483,0,221000.0
1721,23,F,urbaine,formel,Sud-Ouest,232000.0,72,0,0.9873,1.8573,0.0148,1.4707,0.4735,0.142,0,231000.0
1722,21,M,semi_urbaine,informel,Extrême-Nord,193000.0,59,0,-0.2403,0.3766,2.3633,0.4478,0.7769,0.6407,0,143000.0
1723,32,M,urbaine,formel,Sud,139000.0,83,0,0.081,0.1135,0.6217,0.2255,0.4335,0.3173,0,127000.0
1724,34,M,urbaine,informel,Centre,128000.0,4,0,-0.2201,0.1092,0.0741,-0.1832,0.4469,0.28,0,127000.0
1725,24,M,urbaine,formel,Ouest,190000.0,67,0,0.6512,0.9801,0.4297,0.4812,0.5041,0.2268,0,179000.0
1726,19,M,semi_urbaine,formel,Extrême-Nord,142000.0,13,0,-0.3641,0.0399,1.0659,0.6902,0.4739,0.4511,0,122000.0
1727,19,M,semi_urbaine,informel,Extrême-Nord,217000.0,86,0,1.4869,1.3331,0.5626,1.6258,0.7413,0.5128,0,200000.0
1728,23,M,urbaine,formel,Nord-Ouest,267000.0,48,1,-2.0572,1.1801,2.6772,-1.8887,0.2543,0.8608,1,191000.0
1729,26,F,urbaine,informel,Est,68000.0,9,0,-0.3436,-0.8922,0.1138,-0.2345,0.6561,0.4874,0,66000.0
1730,27,F,semi_urbaine,formel,Extrême-Nord,316000.0,71,0,1.462,2.4829,1.1564,0.6392,0.7694,0.2596,0,269000.0
1731,23,M,urbaine,formel,Sud,183000.0,72,0,0.0141,0.6974,0.8557,-0.0263,0.4687,0.2266,0,162000.0
1732,24,M,urbaine,informel,Nord,54000.0,45,1,-0.8641,-1.0941,-0.049,-0.9392,0.7543,0.2283,1,54000.0
1733,23,M,urbaine,formel,Nord,106000.0,30,1,-1.534,-0.2303,-0.274,-1.2994,0.752,0.1827,1,106000.0
1734,27,M,urbaine,formel,Adamaoua,286000.0,2,0,0.0132,2.0878,1.1182,0.8063,0.5005,0.3925,0,245000.0
1735,30,M,urbaine,informel,Sud-Ouest,256000.0,87,0,0.7635,1.825,0.7556,-0.7569,0.5541,0.3426,0,229000.0
1736,18,M,urbaine,informel,Nord-Ouest,207000.0,18,0,-0.2727,1.0095,0.9711,-1.7549,0.6651,0.4234,0,181000.0
1737,26,M,urbaine,informel,Littoral,199000.0,81,0,2.0663,1.3193,-1.0008,0.8566,0.6756,0.1665,0,199000.0
1738,29,F,urbaine,formel,Littoral,254000.0,56,0,0.7406,1.8166,0.7276,0.459,0.3582,0.1911,0,229000.0
1739,30,F,semi_urbaine,formel,Ouest,200000.0,66,0,1.2853,1.1569,0.3883,0.1841,0.5052,0.612,0,189000.0
1740,28,F,urbaine,informel,Littoral,152000.0,66,0,0.0588,0.329,0.5883,-0.9146,0.7612,0.3875,0,140000.0
1741,27,F,urbaine,formel,Extrême-Nord,202000.0,82,0,0.3961,1.1399,0.4764,-0.1134,0.5776,0.4401,0,188000.0
1742,30,M,semi_urbaine,formel,Extrême-Nord,200000.0,4,0,1.9347,1.336,-0.3348,1.5156,0.372,0.1246,0,200000.0
1743,24,F,urbaine,informel,Sud,76000.0,95,0,-0.974,-0.7416,0.0274,-1.6147,0.5965,0.3473,0,76000.0
1744,28,F,semi_urbaine,formel,Ouest,200000.0,5,0,-0.3276,1.332,-0.1352,-1.264,0.5336,0.204,0,200000.0
1745,23,F,urbaine,formel,Sud,244000.0,95,0,1.3023,2.0586,-0.3526,-0.6278,0.558,0.2491,0,244000.0
1746,25,M,semi_urbaine,formel,Littoral,194000.0,25,0,-1.4729,0.3936,2.3282,0.2734,0.7385,0.6629,0,144000.0
1747,20,M,urbaine,formel,Sud-Ouest,159000.0,81,0,-0.5311,0.2868,1.0718,-0.4963,0.7997,0.6446,0,137000.0
1748,24,F,urbaine,informel,Littoral,149000.0,8,1,0.7397,0.4765,-0.3408,0.6428,0.6381,0.0996,0,149000.0
1749,20,M,urbaine,informel,Centre,113000.0,44,0,-1.6222,-0.6497,2.6711,1.0888,0.6738,0.878,0,81000.0
1750,22,M,urbaine,formel,Littoral,77000.0,52,0,-0.0517,-0.7168,-0.3199,0.2788,0.5649,0.18,0,77000.0
1751,25,M,urbaine,formel,Littoral,228000.0,91,0,1.3643,1.7477,0.1062,0.5604,0.3836,0.14,0,225000.0
1752,27,M,semi_urbaine,informel,Sud-Ouest,115000.0,12,1,-2.0103,-0.451,1.5522,0.5721,0.7737,0.8275,1,93000.0
1753,34,M,semi_urbaine,formel,Sud,157000.0,4,0,0.7782,0.6184,-1.872,0.3095,0.4898,0.1329,0,157000.0
1754,18,F,urbaine,informel,Extrême-Nord,88000.0,62,0,-0.9408,-0.6101,0.3476,-1.2936,0.4229,0.1266,0,83000.0
1755,34,M,semi_urbaine,informel,Sud-Ouest,199000.0,5,1,-0.0982,1.2768,0.0778,-0.728,0.7555,0.3049,1,197000.0
1756,23,F,semi_urbaine,informel,Littoral,193000.0,74,0,-0.2611,0.8532,0.8636,-1.0509,0.7928,0.55,0,171000.0
1757,31,F,semi_urbaine,formel,Centre,152000.0,4,0,0.212,0.3593,0.5123,0.1515,0.7114,0.3603,0,142000.0
1758,30,M,semi_urbaine,informel,Nord-Ouest,53000.0,93,0,-0.5408,-1.1799,0.5765,0.5323,0.769,0.6054,0,49000.0
1759,35,M,semi_urbaine,formel,Est,135000.0,51,0,-0.5979,0.2531,-0.0479,-1.1493,0.3789,0.3639,0,135000.0
1760,19,M,urbaine,informel,Ouest,194000.0,91,0,-0.6811,0.5702,1.7047,0.0726,0.698,0.6667,0,154000.0
1761,35,F,semi_urbaine,informel,Ouest,149000.0,13,0,-0.1665,0.1886,0.9009,-0.5752,0.4969,0.7644,0,131000.0
1762,19,F,semi_urbaine,informel,Nord,140000.0,26,0,-0.1249,0.1091,0.6861,-0.7692,0.7234,0.5448,0,127000.0
1763,33,F,urbaine,informel,Ouest,148000.0,44,0,-0.3156,0.2117,0.7866,-0.6253,0.6938,0.3769,0,133000.0
1764,29,M,urbaine,informel,Ouest,227000.0,3,1,-2.1938,0.7588,2.4608,-1.1205,0.6247,0.7075,1,166000.0
1765,26,M,urbaine,formel,Sud-Ouest,160000.0,10,0,0.2319,0.5581,0.2873,0.6067,0.5731,0.4267,0,153000.0
1766,25,M,semi_urbaine,formel,Nord-Ouest,183000.0,32,0,0.95,1.05,-0.4397,0.132,0.3736,0.1023,0,183000.0
1767,19,M,urbaine,informel,Nord-Ouest,61000.0,71,0,0.6581,-0.9869,-1.2691,0.8152,0.6996,0.0841,0,61000.0
1768,32,F,semi_urbaine,informel,Est,273000.0,68,0,1.7624,2.5539,-0.7919,-0.1435,0.71,0.1351,0,273000.0
1769,31,F,semi_urbaine,formel,Nord,139000.0,9,0,0.012,0.3161,-0.3314,-0.1057,0.678,0.2002,0,139000.0
1770,34,F,semi_urbaine,informel,Sud-Ouest,143000.0,6,0,-0.0129,0.2036,0.5522,2.1734,0.8027,0.35,0,132000.0
1771,31,F,urbaine,informel,Nord,156000.0,63,0,-0.5155,0.5665,0.0861,-1.6231,0.7084,0.1528,0,154000.0
1772,35,F,semi_urbaine,formel,Centre,141000.0,35,0,0.7329,0.1892,0.4935,1.5845,0.7118,0.4604,0,131000.0
1773,33,F,semi_urbaine,formel,Nord,156000.0,76,0,1.7173,0.6078,-0.4677,1.9545,0.504,0.1231,0,156000.0
1774,25,F,urbaine,formel,Ouest,156000.0,29,0,0.8455,0.5957,-0.7884,0.7658,0.6305,0.3105,0,156000.0
1775,30,M,semi_urbaine,formel,Sud-Ouest,112000.0,35,0,-0.5115,-0.314,0.7016,-0.0305,0.4447,0.3808,0,101000.0
1776,22,F,urbaine,formel,Littoral,222000.0,21,0,0.1408,1.0386,1.4415,1.4269,0.3604,0.6808,0,182000.0
1777,32,F,semi_urbaine,formel,Nord-Ouest,57000.0,26,0,0.7626,-1.0492,-0.9776,-0.0218,0.6479,0.1417,0,57000.0
1778,28,F,urbaine,formel,Adamaoua,273000.0,68,0,1.3509,2.3527,0.2981,-0.7058,0.2718,0.4396,0,261000.0
1779,25,F,urbaine,formel,Est,204000.0,45,0,2.0327,1.393,-1.7974,-0.3883,0.5382,0.0707,0,204000.0
1780,29,M,urbaine,informel,Centre,158000.0,63,1,0.8203,0.6391,-0.8416,-0.5702,0.6646,0.1657,0,158000.0
1781,22,F,urbaine,formel,Littoral,52000.0,8,1,-0.9757,-1.1366,-0.4642,-0.9466,0.6231,0.257,1,52000.0
1782,29,F,urbaine,informel,Est,92000.0,51,0,-0.5982,-0.7925,1.7642,1.11,0.6465,0.8889,0,72000.0
1783,26,F,semi_urbaine,informel,Adamaoua,203000.0,44,0,0.9282,1.3893,-0.1195,-0.4734,0.796,0.2194,0,203000.0
1784,23,M,urbaine,informel,Sud,369000.0,87,0,2.3037,4.1512,-0.1665,-0.0296,0.748,0.3378,0,369000.0
1785,35,M,urbaine,informel,Nord,210000.0,41,0,-0.0126,1.1947,0.6412,-1.4438,0.5255,0.3951,0,192000.0
1786,19,F,semi_urbaine,informel,Sud,201000.0,10,0,0.3561,1.0369,0.6913,0.3308,0.7709,0.4815,0,182000.0
1787,31,F,semi_urbaine,formel,Sud,187000.0,67,0,0.145,1.125,-0.6605,-0.8559,0.6234,0.1336,0,187000.0
1788,21,F,urbaine,informel,Adamaoua,96000.0,15,0,-2.8761,-0.8475,2.6278,-1.1805,0.7079,0.5176,0,69000.0
1789,22,F,semi_urbaine,formel,Sud,216000.0,87,0,1.4085,1.5952,-0.1474,0.1907,0.5898,0.1747,0,216000.0
1790,20,M,urbaine,informel,Centre,60000.0,37,0,-1.449,-1.1012,0.7554,1.057,0.7093,0.5695,0,54000.0
1791,19,M,semi_urbaine,informel,Extrême-Nord,49000.0,75,0,-1.034,-1.2106,0.281,0.7404,0.914,0.2304,0,47000.0
1792,20,M,urbaine,formel,Nord-Ouest,86000.0,63,0,-0.4973,-0.6735,0.5306,0.5091,0.4531,0.4329,0,80000.0
1793,32,F,semi_urbaine,formel,Ouest,257000.0,45,0,0.2983,1.5757,1.3348,0.1701,0.4993,0.5029,0,215000.0
1794,34,F,semi_urbaine,informel,Littoral,156000.0,56,0,-1.1245,-0.0574,2.2743,-0.0356,0.553,0.7175,0,117000.0
1795,28,F,semi_urbaine,formel,Littoral,162000.0,18,0,1.5193,0.7009,-0.6452,1.0911,0.5855,0.208,0,162000.0
1796,18,F,urbaine,formel,Adamaoua,183000.0,8,0,-0.7571,0.5846,1.2219,-0.5632,0.6055,0.5519,0,155000.0
1797,33,M,semi_urbaine,formel,Sud-Ouest,97000.0,73,0,-0.2964,-0.5257,0.6796,1.1344,0.6498,0.3927,0,88000.0
1798,28,F,urbaine,informel,Sud,99000.0,92,0,-1.1233,-0.6707,1.6091,1.2359,0.6728,0.7423,0,80000.0
1799,27,F,semi_urbaine,informel,Est,90000.0,82,1,-0.7398,-0.6204,0.5792,-0.5414,0.8554,0.4117,1,83000.0
1800,35,M,semi_urbaine,informel,Centre,38000.0,29,1,-0.9805,-1.4053,0.4734,-0.3944,0.802,0.1735,1,36000.0
1801,25,F,semi_urbaine,formel,Ouest,146000.0,35,0,-0.4394,0.0958,1.0828,-0.2457,0.7356,0.3653,0,126000.0
1802,24,F,urbaine,formel,Adamaoua,106000.0,35,0,-1.2868,-0.4813,1.0741,-1.467,0.5968,0.1953,0,91000.0
1803,32,F,urbaine,formel,Sud,239000.0,67,0,-0.1668,1.1777,1.6863,-0.4694,0.6031,0.6484,0,191000.0
1804,27,F,urbaine,informel,Centre,179000.0,60,0,0.8195,0.661,0.8284,1.3014,0.6491,0.5703,0,160000.0
1805,30,F,urbaine,informel,Nord-Ouest,45000.0,76,0,-1.071,-1.2936,0.4899,-1.0456,0.4841,0.5015,0,42000.0
1806,30,F,urbaine,informel,Littoral,102000.0,90,0,2.1074,-0.2966,-1.8164,1.3252,0.7175,0.0878,0,102000.0
1807,33,F,urbaine,formel,Nord-Ouest,267000.0,38,0,1.818,2.4561,-1.5117,-0.4334,0.4976,0.1111,0,267000.0
1808,23,F,semi_urbaine,informel,Nord-Ouest,64000.0,63,0,0.1251,-0.9808,0.2861,2.414,0.9019,0.156,0,61000.0
1809,19,F,urbaine,formel,Adamaoua,182000.0,48,0,0.7947,1.0266,-0.9671,-0.6818,0.6698,0.0967,0,182000.0
1810,26,M,urbaine,informel,Sud-Ouest,154000.0,91,0,-0.2938,0.1055,1.4834,-0.144,0.8463,0.3743,0,126000.0
1811,29,F,urbaine,informel,Ouest,186000.0,34,0,0.3058,1.0929,-0.6661,-0.9102,0.7198,0.1401,0,186000.0
1812,32,M,semi_urbaine,informel,Adamaoua,141000.0,18,0,-0.3059,0.2955,0.1541,-0.3877,0.7769,0.5271,0,138000.0
1813,22,M,semi_urbaine,informel,Sud,97000.0,36,1,-0.5484,-0.4313,0.1749,1.6382,0.6844,0.4535,1,94000.0
1814,31,F,urbaine,informel,Extrême-Nord,158000.0,59,0,-0.6057,0.0668,1.8393,0.4745,0.6728,0.7413,0,124000.0
1815,32,M,urbaine,formel,Littoral,161000.0,91,0,1.7434,0.6814,-0.5393,1.0288,0.3446,0.1307,0,161000.0
1816,32,F,urbaine,formel,Extrême-Nord,163000.0,79,0,0.1086,0.5083,0.5394,-1.3156,0.4351,0.1961,0,150000.0
1817,32,F,urbaine,formel,Sud,80000.0,2,0,-0.3036,-0.7191,0.2789,0.6548,0.416,0.2816,0,77000.0
1818,35,F,urbaine,informel,Ouest,239000.0,49,0,-0.1944,1.2431,1.5356,-0.9714,0.6613,0.7405,0,195000.0
1819,29,F,urbaine,informel,Nord-Ouest,225000.0,16,1,-0.6131,1.0664,1.4786,-1.3373,0.6421,0.6403,1,184000.0
1820,24,F,semi_urbaine,informel,Littoral,63000.0,35,0,-0.6034,-1.0442,0.6398,0.5388,0.8662,0.2017,0,57000.0
1821,25,F,urbaine,informel,Nord-Ouest,102000.0,90,1,1.1149,-0.3007,-1.1252,0.2285,0.3555,0.1246,0,102000.0
1822,31,M,semi_urbaine,formel,Est,142000.0,94,0,0.4548,0.3749,-0.1139,0.3533,0.5894,0.0724,0,142000.0
1823,22,F,urbaine,informel,Sud,55000.0,15,1,-1.0248,-1.1565,0.6426,0.7176,0.8127,0.5152,0,51000.0
1824,28,M,semi_urbaine,informel,Littoral,34000.0,14,1,-1.3739,-1.8668,0.9661,1.1736,0.9004,0.3667,1,30000.0
1825,28,M,semi_urbaine,formel,Sud,116000.0,67,0,0.885,-0.0706,-0.6025,1.7697,0.6754,0.0707,0,116000.0
1826,29,M,semi_urbaine,formel,Sud,161000.0,40,0,-1.483,0.2436,1.2937,-0.8903,0.7642,0.5879,0,135000.0
1827,25,F,urbaine,formel,Sud,71000.0,42,0,-0.5116,-0.8412,0.1112,1.502,0.4878,0.2964,0,70000.0
1828,31,M,urbaine,formel,Ouest,167000.0,83,0,1.8155,0.777,-0.8369,1.8823,0.4178,0.1286,0,167000.0
1829,19,M,semi_urbaine,informel,Extrême-Nord,196000.0,88,0,1.0829,1.1629,0.2142,-0.0662,0.8619,0.6243,0,190000.0
1830,31,M,semi_urbaine,informel,Ouest,237000.0,86,0,-1.2327,0.8421,2.581,-1.3685,0.7623,0.846,0,171000.0
1831,32,F,urbaine,informel,Sud,134000.0,75,0,-0.0502,-0.1267,1.2715,-1.3835,0.5355,0.4396,0,112000.0
1832,33,M,urbaine,formel,Sud,53000.0,94,0,-1.4929,-1.2404,1.1167,-0.4619,0.3413,0.5041,0,46000.0
1833,34,M,urbaine,informel,Extrême-Nord,163000.0,69,0,1.5812,0.7157,-0.4461,2.0141,0.4777,0.1718,0,163000.0
1834,24,F,semi_urbaine,informel,Nord-Ouest,129000.0,85,0,0.9109,0.1464,-0.0207,0.3171,0.8408,0.4357,0,129000.0
1835,18,F,semi_urbaine,formel,Adamaoua,181000.0,52,0,1.2313,1.0244,-0.5475,-0.3172,0.6694,0.1646,0,181000.0
1836,29,F,semi_urbaine,informel,Nord-Ouest,266000.0,5,0,0.4462,1.9361,0.8327,-0.3854,0.7414,0.4943,0,236000.0
1837,19,M,semi_urbaine,formel,Nord-Ouest,107000.0,78,0,0.2085,-0.2248,-0.0551,-1.0227,0.5947,0.0984,0,107000.0
1838,23,F,urbaine,formel,Adamaoua,30000.0,89,1,-0.4327,-2.2748,-0.3802,0.8746,0.5463,0.1672,1,30000.0
1839,30,F,urbaine,formel,Ouest,93000.0,30,0,0.4121,-0.4535,-0.2596,-0.0921,0.5225,0.1726,0,93000.0
1840,28,M,urbaine,formel,Ouest,185000.0,41,0,2.1115,1.086,-0.732,2.0998,0.3103,0.0709,0,185000.0
1841,28,F,semi_urbaine,informel,Sud,130000.0,55,0,-0.203,0.0269,0.4503,0.9282,0.6509,0.3257,0,122000.0
1842,31,F,urbaine,formel,Sud-Ouest,98000.0,62,0,-0.5765,-0.6156,1.2204,0.8299,0.5359,0.5149,0,83000.0
1843,20,M,urbaine,formel,Nord-Ouest,71000.0,65,0,-0.0647,-0.8197,-1.4447,-0.2421,0.342,0.069,0,71000.0
1844,32,M,urbaine,formel,Centre,144000.0,38,0,0.0666,0.2454,0.4418,-1.091,0.4768,0.1481,0,135000.0
1845,28,M,urbaine,formel,Littoral,100000.0,82,1,-1.1908,-0.6461,1.5081,-0.8736,0.6399,0.4734,1,81000.0
1846,25,M,urbaine,formel,Nord-Ouest,187000.0,78,0,0.9278,1.1206,-0.0506,-1.3692,0.6629,0.1643,0,187000.0
1847,26,F,urbaine,formel,Adamaoua,131000.0,90,0,0.8764,0.1886,-0.4188,0.9104,0.5504,0.1735,0,131000.0
1848,27,M,urbaine,informel,Nord,102000.0,55,0,-1.9826,-0.6271,1.5726,-0.3849,0.7416,0.6146,0,82000.0
1849,27,M,semi_urbaine,formel,Nord,111000.0,8,0,1.5284,-0.1583,-0.8199,1.2525,0.8214,0.0924,0,111000.0
1850,24,F,urbaine,informel,Sud,147000.0,81,0,0.1311,0.2631,0.5592,0.1359,0.4092,0.3171,0,136000.0
1851,22,F,urbaine,formel,Sud-Ouest,159000.0,8,0,0.2693,0.6426,-0.953,-0.2928,0.434,0.1074,0,159000.0
1852,21,F,urbaine,informel,Littoral,132000.0,19,0,0.7616,0.202,-1.2121,-1.1696,0.7899,0.1805,0,132000.0
1853,24,F,semi_urbaine,informel,Sud,141000.0,28,0,0.6269,0.1801,0.5028,0.6016,0.7741,0.4061,0,131000.0
1854,22,F,urbaine,formel,Adamaoua,152000.0,18,0,0.6853,0.5278,-1.1349,-0.2186,0.6426,0.1873,0,152000.0
1855,27,F,semi_urbaine,formel,Nord-Ouest,96000.0,69,0,0.1912,-0.4331,0.1071,1.2022,0.594,0.372,0,94000.0
1856,34,M,semi_urbaine,informel,Adamaoua,96000.0,42,0,-1.4885,-0.7304,1.7663,-0.4154,0.7563,0.8157,0,76000.0
1857,19,F,semi_urbaine,informel,Extrême-Nord,133000.0,21,1,-1.9683,-0.3947,2.5156,0.9161,0.8068,0.8895,1,96000.0
1858,23,M,urbaine,informel,Adamaoua,270000.0,1,0,0.6818,2.0652,0.7214,1.6408,0.6392,0.6427,0,244000.0
1859,18,M,semi_urbaine,formel,Ouest,88000.0,21,1,-0.398,-0.7488,1.1402,0.5726,0.605,0.2757,1,75000.0
1860,35,M,urbaine,formel,Centre,140000.0,66,0,0.1427,0.181,0.4826,0.7853,0.418,0.3829,0,131000.0
1861,30,M,urbaine,informel,Littoral,130000.0,76,0,-0.0067,0.0983,0.2275,0.5719,0.553,0.4839,0,126000.0
1862,22,F,urbaine,informel,Est,102000.0,29,0,0.9261,-0.3033,-1.2662,1.8981,0.793,0.2141,0,102000.0
1863,25,M,urbaine,formel,Extrême-Nord,278000.0,7,0,0.1525,1.674,1.7361,0.3716,0.5482,0.4502,0,220000.0
1864,31,F,urbaine,informel,Ouest,101000.0,53,0,-0.3597,-0.3085,-0.3984,0.7,0.7533,0.276,0,101000.0
1865,35,M,urbaine,informel,Adamaoua,137000.0,75,0,-1.0295,-0.2345,1.9762,-0.0363,0.4673,0.695,0,106000.0
1866,28,F,urbaine,formel,Nord,223000.0,7,0,0.8571,1.4146,0.5874,-0.7744,0.2529,0.5834,0,205000.0
1867,22,F,urbaine,formel,Sud,265000.0,76,0,2.4008,2.4107,-0.8778,-1.2082,0.4911,0.0511,0,265000.0
1868,30,M,urbaine,formel,Ouest,257000.0,17,1,1.2432,2.0075,0.4639,1.2669,0.7594,0.2068,1,240000.0
1869,30,F,semi_urbaine,formel,Centre,198000.0,25,1,-0.9523,0.4633,2.2765,-0.7084,0.7177,0.4164,1,148000.0
1870,29,M,urbaine,informel,Ouest,155000.0,60,1,-0.5131,-0.0495,2.1533,0.7459,0.5881,0.7359,1,117000.0
1871,18,F,semi_urbaine,formel,Ouest,159000.0,5,0,0.5208,0.6467,-0.37,0.716,0.7135,0.4318,0,159000.0
1872,30,F,urbaine,formel,Sud,165000.0,30,0,1.3059,0.747,-0.6088,0.9178,0.5159,0.133,0,165000.0
1873,18,M,urbaine,informel,Centre,77000.0,14,0,-0.5622,-0.8473,0.7159,-0.5147,0.5783,0.4268,0,69000.0
1874,34,M,urbaine,informel,Ouest,189000.0,21,1,-0.6008,0.9366,0.4864,-0.7907,0.7598,0.4422,1,176000.0
1875,33,F,urbaine,informel,Sud,169000.0,74,0,-0.4642,0.2066,1.8203,0.3784,0.6026,0.6384,0,132000.0
1876,28,F,urbaine,informel,Nord,141000.0,22,0,-0.9197,-0.0449,1.3697,-0.2923,0.6505,0.6112,0,117000.0
1877,29,F,urbaine,formel,Extrême-Nord,80000.0,5,0,0.049,-0.6711,-1.6049,-1.231,0.4366,0.0752,0,80000.0
1878,19,M,urbaine,informel,Extrême-Nord,145000.0,21,0,-0.1766,0.0623,1.1233,1.9385,0.8233,0.3784,0,124000.0
1879,33,M,urbaine,formel,Est,42000.0,9,0,-0.9767,-1.2932,-0.1161,-0.7914,0.3148,0.1883,0,42000.0
1880,22,F,urbaine,formel,Adamaoua,123000.0,60,0,-0.121,0.0184,0.0955,-0.9936,0.2918,0.3167,0,121000.0
1881,22,F,urbaine,formel,Ouest,129000.0,93,0,0.4449,0.0369,0.3553,-0.2421,0.532,0.3958,0,122000.0
1882,30,F,urbaine,informel,Extrême-Nord,174000.0,16,0,-0.517,0.287,1.7779,1.2529,0.3961,0.7989,0,137000.0
1883,34,F,urbaine,informel,Extrême-Nord,288000.0,70,0,-0.4837,1.8799,1.5935,-2.1667,0.5784,0.6537,0,233000.0
1884,26,M,urbaine,formel,Sud,190000.0,35,0,1.018,1.1719,-0.6287,1.1699,0.6051,0.1608,0,190000.0
1885,27,M,urbaine,informel,Nord-Ouest,225000.0,7,1,-0.2207,1.4484,0.5872,-0.9115,0.729,0.4946,1,207000.0
1886,27,F,urbaine,informel,Littoral,164000.0,66,1,0.5442,0.6452,0.2059,0.2645,0.7723,0.2366,1,159000.0
1887,23,M,urbaine,formel,Nord,224000.0,20,0,1.2854,1.7251,-1.5697,-0.676,0.5606,0.0433,0,224000.0
1888,28,F,semi_urbaine,informel,Adamaoua,251000.0,49,0,1.7283,1.8571,0.5751,2.2919,0.9221,0.3642,0,231000.0
1889,35,F,urbaine,formel,Adamaoua,144000.0,49,1,-0.9781,-0.1318,1.9084,0.1246,0.3185,0.414,1,112000.0
1890,24,F,urbaine,informel,Centre,72000.0,57,0,0.5004,-0.7971,-1.0659,-0.7081,0.7309,0.1525,0,72000.0
1891,31,F,urbaine,formel,Sud-Ouest,198000.0,13,0,0.1639,1.2688,0.049,-0.3011,0.3653,0.3483,0,196000.0
1892,31,F,semi_urbaine,formel,Ouest,158000.0,24,0,-0.0132,0.5963,0.0795,0.3896,0.6781,0.1605,0,156000.0
1893,33,M,semi_urbaine,formel,Littoral,179000.0,71,0,0.9331,0.8204,0.3962,0.4777,0.5422,0.3357,0,169000.0
1894,31,M,semi_urbaine,formel,Centre,141000.0,89,0,1.2283,0.3513,-0.8117,0.7388,0.7551,0.0826,0,141000.0
1895,34,F,semi_urbaine,informel,Sud,84000.0,2,0,-0.0703,-0.5963,-0.7871,0.2986,0.6902,0.0896,0,84000.0
1896,30,M,urbaine,informel,Extrême-Nord,217000.0,40,0,1.1356,1.6208,-0.7213,-1.3772,0.7864,0.3975,0,217000.0
1897,35,M,semi_urbaine,formel,Sud,110000.0,84,1,-0.6596,-0.4999,1.4521,-0.0403,0.6059,0.3556,1,90000.0
1898,30,M,urbaine,informel,Nord,161000.0,28,0,0.2316,0.6864,-0.3543,0.6067,0.6419,0.1104,0,161000.0
1899,33,M,semi_urbaine,informel,Nord-Ouest,155000.0,43,0,0.5826,0.5242,0.16,-0.3699,0.7976,0.3258,0,151000.0
1900,34,F,urbaine,informel,Extrême-Nord,42000.0,86,1,-2.1692,-1.579,2.7336,0.6728,0.645,0.835,1,30000.0
1901,35,M,urbaine,informel,Est,70000.0,93,0,0.5437,-0.8308,-0.1046,0.0317,0.6482,0.3332,0,70000.0
1902,28,M,semi_urbaine,formel,Nord,124000.0,63,0,-0.633,-0.0627,0.4555,0.0823,0.5654,0.577,0,116000.0
1903,30,M,urbaine,formel,Ouest,222000.0,66,0,0.5679,1.1646,1.1324,1.1941,0.3428,0.3214,0,190000.0
1904,35,F,semi_urbaine,informel,Sud-Ouest,122000.0,59,1,-1.5836,-0.367,1.6565,-1.4381,0.7039,0.5359,1,98000.0
1905,24,F,urbaine,informel,Sud,115000.0,27,1,-0.6062,-0.0856,-0.7337,-0.6753,0.4896,0.3329,1,115000.0
1906,20,F,semi_urbaine,informel,Sud-Ouest,33000.0,85,1,0.1929,-1.4576,-0.0382,1.5324,0.8759,0.3844,1,33000.0
1907,33,F,semi_urbaine,informel,Adamaoua,296000.0,4,0,0.4209,2.3259,0.926,2.13,0.6183,0.5777,0,260000.0
1908,29,F,urbaine,formel,Centre,209000.0,6,0,-0.4757,0.6712,2.0105,2.286,0.4072,0.5388,0,160000.0
1909,25,F,semi_urbaine,informel,Sud,150000.0,58,0,0.9252,0.499,-0.0926,0.3504,0.8443,0.3994,0,150000.0
1910,30,M,urbaine,formel,Sud-Ouest,124000.0,80,0,0.4413,0.0594,-0.3876,0.4579,0.5299,0.2374,0,124000.0
1911,18,F,semi_urbaine,formel,Ouest,126000.0,78,0,-0.1058,-0.0526,0.5102,1.1174,0.4533,0.3258,0,117000.0
1912,26,M,urbaine,informel,Extrême-Nord,279000.0,65,0,1.0911,1.9127,1.2527,1.2751,0.6654,0.4444,0,235000.0
1913,22,F,urbaine,formel,Adamaoua,46000.0,36,0,-1.2127,-1.3167,0.79,0.3131,0.549,0.3717,0,41000.0
1914,23,M,semi_urbaine,informel,Sud,137000.0,35,0,0.4431,0.2786,-0.1841,1.2261,0.8114,0.456,0,137000.0
1915,35,F,urbaine,formel,Centre,83000.0,41,0,0.5158,-0.6115,-0.4218,0.4598,0.5512,0.0882,0,83000.0
1916,27,M,urbaine,informel,Centre,108000.0,25,1,-1.0781,-0.405,0.8299,0.5222,0.5718,0.3245,1,96000.0
1917,20,F,urbaine,informel,Sud-Ouest,104000.0,40,0,-1.907,-0.6381,1.8578,-0.9184,0.4772,0.5733,0,82000.0
1918,24,F,semi_urbaine,informel,Extrême-Nord,65000.0,10,0,-0.6776,-0.986,0.4333,-0.0292,0.8588,0.2981,0,61000.0
1919,22,F,urbaine,informel,Nord,133000.0,31,0,-1.0072,0.0354,0.6067,-0.5228,0.6452,0.3862,0,122000.0
1920,34,M,semi_urbaine,formel,Nord,30000.0,90,1,0.1763,-1.968,-0.9601,-0.8889,0.329,0.1695,1,30000.0
1921,23,F,semi_urbaine,formel,Adamaoua,178000.0,68,0,-1.3608,0.2845,1.9855,-1.3516,0.6116,0.6822,0,137000.0
1922,24,M,urbaine,formel,Centre,157000.0,14,0,0.1298,0.5097,0.2795,-0.4236,0.626,0.2666,0,151000.0
1923,24,M,urbaine,formel,Centre,87000.0,28,0,-0.9408,-0.7593,1.1427,-0.2639,0.3248,0.4737,0,74000.0
1924,21,F,semi_urbaine,informel,Littoral,233000.0,25,0,0.3539,1.5132,0.7169,0.405,0.9351,0.5049,0,211000.0
1925,32,F,urbaine,informel,Est,93000.0,27,0,-0.8275,-0.5945,0.691,0.5557,0.5286,0.1999,0,84000.0
1926,28,F,urbaine,formel,Sud-Ouest,142000.0,66,0,1.2277,0.3625,-1.4098,0.1881,0.4527,0.1272,0,142000.0
1927,25,F,semi_urbaine,formel,Littoral,120000.0,86,0,1.7728,0.0078,-2.0579,0.0431,0.4643,0.0254,0,120000.0
1928,25,F,urbaine,informel,Nord,148000.0,68,0,-1.6465,-0.0816,1.8894,-0.9151,0.6873,0.6069,0,115000.0
1929,30,F,urbaine,informel,Est,219000.0,47,0,0.1464,1.3081,0.7041,0.8771,0.6302,0.4596,0,198000.0
1930,19,M,semi_urbaine,formel,Extrême-Nord,318000.0,16,0,1.9159,3.073,0.3025,0.1982,0.4805,0.2548,0,304000.0
1931,34,F,urbaine,informel,Ouest,165000.0,14,0,0.1877,0.7456,-0.5755,-0.4338,0.8676,0.2269,0,165000.0
1932,28,F,urbaine,informel,Ouest,185000.0,78,1,1.0458,1.088,-0.2824,-0.1865,0.6032,0.237,0,185000.0
1933,22,M,urbaine,informel,Centre,280000.0,65,0,-0.2401,1.7164,1.6923,-0.7327,0.6501,0.5865,0,223000.0
1934,27,M,semi_urbaine,formel,Nord-Ouest,219000.0,49,1,-0.751,0.8489,1.8817,-0.2307,0.7078,0.7876,1,171000.0
1935,33,F,semi_urbaine,informel,Littoral,216000.0,55,0,1.3301,1.5703,0.055,-0.2625,0.8815,0.3715,0,214000.0
1936,21,F,urbaine,formel,Ouest,228000.0,81,0,0.3919,1.3924,0.7989,-0.2873,0.6372,0.4014,0,204000.0
1937,27,F,urbaine,formel,Nord,171000.0,78,0,0.5368,0.744,0.252,0.6558,0.3099,0.3413,0,165000.0
1938,28,M,urbaine,informel,Extrême-Nord,152000.0,9,0,-0.2905,0.3503,0.5163,0.4071,0.6843,0.2772,0,141000.0
1939,32,M,urbaine,informel,Extrême-Nord,41000.0,38,0,-2.1784,-1.8214,2.4319,1.5467,0.3995,0.9237,0,30000.0
1940,28,F,urbaine,formel,Nord-Ouest,174000.0,5,1,0.5894,0.8921,-0.3424,1.2117,0.5542,0.0944,1,174000.0
1941,31,F,semi_urbaine,informel,Ouest,38000.0,37,0,-1.4767,-1.5437,1.858,2.2564,0.5864,0.677,0,30000.0
1942,31,F,urbaine,formel,Nord,62000.0,61,0,0.0617,-1.0253,0.4462,0.5592,0.3241,0.2554,0,58000.0
1943,34,M,semi_urbaine,informel,Nord,144000.0,20,0,0.1047,0.1929,0.6318,0.8431,0.7437,0.3484,0,132000.0
1944,24,F,urbaine,informel,Centre,69000.0,15,0,-2.2399,-1.1141,2.0191,-0.4874,0.7355,0.6329,0,53000.0
1945,30,F,urbaine,informel,Nord-Ouest,136000.0,47,0,0.082,-0.0071,0.9132,0.826,0.6153,0.345,0,120000.0
1946,22,F,urbaine,informel,Sud,139000.0,50,0,-0.9839,0.1384,0.5707,-0.6561,0.8356,0.5564,0,128000.0
1947,33,F,urbaine,informel,Sud-Ouest,171000.0,68,0,-0.8992,0.183,2.02,-1.4705,0.703,0.5238,0,131000.0
1948,35,M,semi_urbaine,informel,Est,85000.0,2,0,-0.8552,-0.9041,1.9083,1.8263,0.7951,0.7871,0,66000.0
1949,23,F,semi_urbaine,informel,Littoral,222000.0,24,0,-0.2039,0.8987,1.8408,-0.9492,0.6939,0.74,0,174000.0
1950,28,F,semi_urbaine,informel,Est,115000.0,75,0,2.6604,-0.0892,-3.2093,0.7389,0.8925,0.016,0,115000.0
1951,32,M,urbaine,formel,Extrême-Nord,196000.0,65,0,0.2937,1.0411,0.5036,-0.8803,0.3169,0.3712,0,182000.0
1952,18,M,semi_urbaine,informel,Ouest,55000.0,86,0,-0.0244,-1.1964,0.8965,1.4267,0.9219,0.4285,0,48000.0
1953,30,F,urbaine,formel,Extrême-Nord,147000.0,78,0,0.5397,0.4217,0.0993,1.2629,0.6706,0.1334,0,145000.0
1954,32,F,semi_urbaine,informel,Nord-Ouest,221000.0,80,0,0.1675,1.0973,1.2699,0.8292,0.8005,0.3749,0,186000.0
1955,33,M,urbaine,formel,Nord,226000.0,49,0,1.0222,1.5702,0.3664,1.2464,0.529,0.3596,0,214000.0
1956,21,F,urbaine,formel,Nord,120000.0,92,0,0.263,-0.1973,0.7131,0.0073,0.1763,0.4265,0,108000.0
1957,31,M,urbaine,informel,Adamaoua,92000.0,40,0,-0.1546,-0.5456,0.3551,2.2342,0.6152,0.3693,0,87000.0
1958,32,M,urbaine,formel,Littoral,120000.0,86,1,-1.0288,-0.3887,1.6074,0.7462,0.546,0.4779,1,97000.0
1959,18,M,urbaine,formel,Centre,132000.0,38,0,-0.7796,-0.0564,0.9063,-0.9006,0.637,0.3547,0,117000.0
1960,30,F,semi_urbaine,informel,Extrême-Nord,42000.0,43,0,-1.0789,-1.3991,1.1712,0.3696,0.6434,0.4647,0,36000.0
1961,29,M,semi_urbaine,formel,Est,161000.0,66,0,-0.1743,0.4618,0.603,0.1475,0.5465,0.1412,0,148000.0
1962,35,M,semi_urbaine,formel,Sud,229000.0,38,0,0.177,1.2331,1.2059,0.0496,0.2433,0.4556,0,194000.0
1963,18,F,urbaine,informel,Littoral,91000.0,14,0,-1.597,-0.7851,1.6756,-1.6571,0.7697,0.6946,0,73000.0
1964,35,M,urbaine,formel,Sud,151000.0,86,0,1.1326,0.5094,-0.0735,0.3869,0.1965,0.2099,0,151000.0
1965,28,M,urbaine,formel,Ouest,166000.0,44,0,-0.732,0.3795,1.1068,-1.3858,0.5822,0.6808,0,143000.0
1966,22,M,urbaine,formel,Adamaoua,229000.0,89,0,0.2072,1.6551,0.3013,-2.5254,0.636,0.1636,0,219000.0
1967,24,F,urbaine,formel,Extrême-Nord,155000.0,38,0,-0.7052,-0.0116,2.0002,-0.344,0.4165,0.5259,0,119000.0
1968,31,F,urbaine,formel,Nord,143000.0,93,0,-0.6148,0.0248,1.1941,-0.7559,0.4818,0.4637,0,121000.0
1969,35,M,urbaine,formel,Extrême-Nord,105000.0,58,0,0.3776,-0.246,-0.5536,-0.8615,0.36,0.1608,0,105000.0
1970,23,F,urbaine,informel,Extrême-Nord,75000.0,73,1,-2.4334,-1.1375,2.9751,-3.1031,0.722,0.6311,1,52000.0
1971,35,M,urbaine,informel,Extrême-Nord,152000.0,72,1,1.4175,0.5292,-1.509,-0.8508,0.465,0.1196,0,152000.0
1972,29,M,semi_urbaine,formel,Nord,165000.0,20,0,-0.6595,0.4649,0.7685,0.1264,0.6558,0.3871,0,148000.0
1973,21,M,urbaine,formel,Sud,159000.0,78,0,0.3167,0.6548,-0.6351,-0.6342,0.3056,0.0414,0,159000.0
1974,28,F,semi_urbaine,informel,Centre,270000.0,90,0,-0.4211,1.2746,2.4996,0.6873,0.587,0.7649,0,196000.0
1975,32,M,urbaine,informel,Sud-Ouest,226000.0,63,0,0.9943,1.3321,0.876,1.3927,0.6159,0.3325,0,200000.0
1976,18,F,semi_urbaine,formel,Nord,57000.0,90,0,0.529,-1.0462,-0.6649,0.8164,0.6444,0.1024,0,57000.0
1977,19,M,semi_urbaine,informel,Sud,168000.0,81,0,1.5354,0.6478,0.4027,1.3264,0.8459,0.1915,0,159000.0
1978,18,F,semi_urbaine,formel,Est,170000.0,64,0,1.5152,0.8256,-0.5954,1.4091,0.5927,0.1699,0,170000.0
1979,28,F,semi_urbaine,informel,Est,97000.0,46,0,-0.7797,-0.4616,0.3744,-0.7189,0.9011,0.5973,0,92000.0
1980,19,M,semi_urbaine,informel,Sud-Ouest,147000.0,82,0,0.0299,0.3277,0.339,0.7391,0.8385,0.3692,0,140000.0
1981,34,M,semi_urbaine,informel,Extrême-Nord,30000.0,18,0,-0.2009,-1.7264,-0.0981,1.2952,0.7655,0.0844,0,30000.0
1982,20,M,urbaine,formel,Littoral,258000.0,54,0,0.8285,2.0626,0.3767,-0.436,0.5329,0.3122,0,244000.0
1983,19,F,urbaine,formel,Sud-Ouest,201000.0,78,0,-0.2696,1.1149,0.5189,-0.7906,0.6383,0.2789,0,187000.0
1984,22,M,semi_urbaine,formel,Extrême-Nord,104000.0,90,0,0.917,-0.2652,-0.856,0.8304,0.7015,0.0612,0,104000.0
1985,31,M,urbaine,formel,Extrême-Nord,121000.0,26,0,0.0499,0.0146,-1.5639,-1.4816,0.4719,0.0762,0,121000.0
1986,34,M,urbaine,formel,Est,57000.0,9,1,-1.5133,-1.1031,0.4077,-1.088,0.4837,0.4001,1,54000.0
1987,22,M,urbaine,informel,Sud-Ouest,118000.0,32,0,-1.101,-0.314,1.1296,-0.6668,0.4886,0.4051,0,101000.0
1988,27,F,urbaine,formel,Est,142000.0,83,0,-0.3465,0.1173,0.7804,0.4505,0.251,0.1702,0,127000.0
1989,31,F,urbaine,informel,Est,48000.0,50,0,-1.479,-1.3251,1.177,0.2189,0.6292,0.2409,0,40000.0
1990,32,M,semi_urbaine,formel,Sud,254000.0,6,1,-0.3453,1.3767,1.6794,1.3324,0.5336,0.4532,1,203000.0
1991,20,M,semi_urbaine,formel,Centre,272000.0,12,0,-0.2924,1.8768,1.1402,-0.6219,0.7157,0.4092,0,233000.0
1992,33,F,semi_urbaine,informel,Nord,177000.0,33,1,-2.6263,-0.0274,3.3303,-0.6755,0.7521,0.8439,1,118000.0
1993,33,F,urbaine,informel,Nord-Ouest,159000.0,33,0,-2.4727,-0.3056,3.7383,0.5239,0.688,0.8759,0,102000.0
1994,31,M,urbaine,formel,Sud,182000.0,13,0,0.8463,1.035,-1.7026,-0.7987,0.2777,0.0765,0,182000.0
1995,27,M,urbaine,informel,Est,119000.0,47,0,0.9892,-0.0196,-1.5637,-0.6035,0.667,0.1062,0,119000.0
1996,25,F,urbaine,formel,Adamaoua,92000.0,46,0,-0.7501,-0.4822,0.0544,-1.8568,0.3092,0.2439,0,91000.0
1997,34,M,semi_urbaine,formel,Centre,128000.0,19,0,0.0703,-0.0527,0.622,0.5908,0.5891,0.4378,0,117000.0
1998,33,M,urbaine,informel,Adamaoua,110000.0,23,0,0.568,-0.2964,0.5025,1.5413,0.3919,0.2806,0,102000.0
1999,27,F,semi_urbaine,formel,Nord,192000.0,64,1,0.1187,0.8482,0.8315,-0.7293,0.6397,0.23,1,171000.0
2000,31,F,urbaine,informel,Adamaoua,126000.0,91,1,0.5765,0.0093,0.3214,1.0217,0.4581,0.2642,1,121000.0
